year,1,2,3,4,5,6,7,8,9,10,11,12,13,14,15,16,17,18,19,20,21,22,23,24,25,26
1820,0.037517241,0.048675458,0.124812885,0.092380248,0.047102964,0.067276082,0.155786876,0.134058214,0.183545412,0.068161829,0.396732768,0.340512514,0.281727166,0.262305416,0.176675126,0.22907674,0.229603792,0.386321627,0.296741032,0.457809903,0.117087352,0.152780855,0.29709138,0.028021694,0.219138429,0.207835015
1821,0.03914023,0.050226284,0.125491868,0.094090554,0.048052966,0.068735639,0.157344799,0.135096525,0.186972344,0.069038698,0.400675292,0.342988889,0.282688629,0.264726017,0.178305516,0.231723821,0.230659751,0.387878004,0.296920718,0.461055855,0.11815376,0.154050691,0.297407638,0.027827996,0.220910238,0.211003492
1822,0.040763218,0.051821002,0.126170851,0.09580086,0.049002968,0.070195197,0.158902723,0.136134836,0.190399277,0.069915567,0.404521101,0.345465265,0.283650092,0.267146618,0.179935905,0.234370902,0.231715709,0.389441774,0.297100404,0.464323288,0.119220168,0.155329049,0.297723897,0.027698864,0.222682048,0.214171969
1823,0.042386207,0.053405965,0.126849834,0.097511165,0.04995297,0.071665359,0.160460646,0.137173148,0.19382621,0.070792436,0.408386822,0.34794164,0.284611555,0.269567218,0.181566294,0.237017983,0.232771667,0.391011091,0.29728009,0.467615781,0.120286575,0.15661593,0.298040155,0.027698864,0.224453857,0.217340446
1824,0.044009195,0.054995806,0.127528817,0.099221471,0.050902972,0.073135521,0.162018569,0.138211459,0.197253142,0.071669305,0.412258232,0.350418016,0.285573019,0.271987819,0.183196684,0.239665064,0.233827625,0.392585952,0.297459776,0.470929755,0.121352983,0.157919855,0.298356414,0.027892562,0.226225667,0.220508923
1825,0.045632184,0.05658077,0.1282078,0.100931776,0.051852974,0.074605683,0.163576493,0.13924977,0.200680075,0.072546174,0.416160932,0.352894391,0.286534482,0.27440842,0.184827073,0.242312145,0.234883584,0.394168207,0.297639462,0.474268788,0.122419391,0.159232303,0.298663089,0.027957128,0.227997476,0.2236774
1826,0.047255172,0.05817061,0.128886784,0.102642082,0.052802976,0.076086449,0.165134416,0.140288081,0.204107008,0.073423043,0.419878737,0.355370766,0.287495945,0.276829021,0.186457462,0.244959226,0.235939542,0.395757856,0.297819148,0.477630495,0.123485799,0.160553273,0.298979347,0.02776343,0.229769286,0.226845878
1827,0.048878161,0.059745821,0.129565767,0.104352388,0.053752979,0.077567216,0.166692339,0.141326393,0.20753394,0.074299912,0.423468538,0.357847142,0.288457408,0.279249621,0.188087851,0.247606307,0.2369955,0.397351201,0.297998834,0.481017263,0.124552206,0.161891288,0.29930519,0.027634298,0.231541095,0.230014355
1828,0.050501149,0.061355168,0.13024475,0.106062693,0.054702981,0.079047983,0.168250263,0.142364704,0.210960873,0.075176781,0.42702136,0.360323517,0.289418871,0.281670222,0.189718241,0.250253388,0.238051459,0.398953789,0.29817852,0.484426703,0.125618614,0.163237826,0.299621448,0.027505165,0.233312905,0.233182832
1829,0.052124138,0.062940132,0.130923733,0.107772999,0.055652983,0.080528749,0.169808186,0.143403015,0.214387806,0.07605365,0.430500225,0.362799893,0.290380334,0.284090823,0.19134863,0.25290047,0.239107417,0.400560074,0.298358206,0.487861204,0.126685022,0.164592886,0.299937707,0.027505165,0.235084714,0.236351309
1830,0.053747126,0.064568987,0.131602716,0.109483304,0.056602985,0.082020121,0.171366109,0.144441326,0.217814738,0.076930519,0.433927888,0.365276268,0.291341798,0.286511423,0.192979019,0.255547551,0.240163375,0.402175601,0.298537892,0.491319572,0.127751429,0.165956468,0.300253965,0.02776343,0.236856524,0.239519786
1831,0.056174713,0.066612371,0.132281699,0.11119361,0.057552987,0.083511492,0.172924033,0.145479638,0.221241671,0.077807388,0.437167811,0.367752643,0.292303261,0.288932024,0.194609409,0.258194632,0.241219333,0.403794824,0.298717578,0.491685985,0.128817837,0.167337095,0.300570224,0.02776343,0.238628333,0.242688263
1832,0.058602299,0.068655756,0.132960682,0.112903916,0.058502989,0.085002863,0.174481956,0.146517949,0.224668604,0.078684257,0.440268353,0.370229019,0.293264724,0.291352625,0.196239798,0.260841713,0.242275292,0.40542329,0.298897264,0.492052397,0.129884245,0.168726244,0.300886482,0.027892562,0.240400143,0.24585674
1833,0.061029885,0.070694263,0.133639665,0.114614221,0.059452991,0.086494235,0.176039879,0.14755626,0.228095536,0.079561126,0.443383117,0.372705394,0.294226187,0.293773226,0.197870187,0.263488794,0.24333125,0.407057301,0.29907695,0.492420003,0.130950653,0.170123916,0.301202741,0.028409091,0.242171952,0.249025218
1834,0.063457471,0.072737647,0.134318648,0.116324527,0.060402993,0.087996211,0.177597802,0.148594571,0.231522469,0.080437995,0.446330053,0.37518177,0.29518765,0.296193826,0.199500576,0.266135875,0.244387208,0.408696858,0.299256636,0.492786416,0.13201706,0.171538632,0.301528583,0.028538223,0.243943761,0.252193695
1835,0.065885057,0.074781031,0.134997631,0.118034832,0.061352995,0.089487582,0.179155726,0.149632883,0.234949402,0.081314864,0.450008035,0.377658145,0.296149113,0.298614427,0.201130966,0.268782956,0.245443167,0.410343808,0.299436322,0.493154021,0.133083468,0.172970393,0.301844842,0.028602789,0.245715571,0.255362172
1836,0.068312644,0.076824415,0.135676615,0.119745138,0.062302997,0.090989558,0.180713649,0.150671194,0.238376334,0.082191733,0.453458454,0.38013452,0.297110577,0.301035028,0.202761355,0.271430037,0.246499125,0.411998152,0.299616008,0.493521627,0.134149876,0.174402154,0.3021611,0.028990186,0.24748738,0.258530649
1837,0.07074023,0.078862923,0.136355598,0.121455444,0.063252999,0.092491534,0.182271572,0.151709505,0.241803267,0.083068602,0.457028344,0.382610896,0.29807204,0.303455629,0.204391744,0.274077118,0.247555083,0.413658041,0.299795694,0.493890426,0.135216283,0.17585096,0.302486942,0.029183884,0.24925919,0.261699126
1838,0.073167816,0.080911184,0.137034581,0.123165749,0.064203002,0.09399351,0.183829496,0.152747816,0.2452302,0.083945471,0.4606153,0.385087271,0.299033503,0.305876229,0.206022134,0.276724199,0.248611041,0.415325323,0.29997538,0.494258032,0.136282691,0.177316811,0.302803201,0.029958678,0.251030999,0.264867603
1839,0.075595402,0.082949691,0.137713564,0.124876055,0.065153004,0.095495486,0.185387419,0.153786127,0.248657132,0.084822339,0.464316038,0.387563647,0.299994966,0.30829683,0.207652523,0.279371281,0.249667,0.416998152,0.300155066,0.494626831,0.137349099,0.178782662,0.303129043,0.030733471,0.252802809,0.26803608
1840,0.078022989,0.085071104,0.138392547,0.12658636,0.066103006,0.096997462,0.186945342,0.154824439,0.252084065,0.085699208,0.468042377,0.390040022,0.300956429,0.310717431,0.209282912,0.282018362,0.250722958,0.418678373,0.300334752,0.49499563,0.138415507,0.18027408,0.303445302,0.031637397,0.254574618,0.271204558
1841,0.081645977,0.088055713,0.13907153,0.128296666,0.067053008,0.098499438,0.188503266,0.15586275,0.255510998,0.086576077,0.471680535,0.392516397,0.301917892,0.313138031,0.210913301,0.284665443,0.251778916,0.420365989,0.300514438,0.495005233,0.139481914,0.181765498,0.303771144,0.03357438,0.256346428,0.274373035
1842,0.085268966,0.091035445,0.139750513,0.130006972,0.06800301,0.100001414,0.190061189,0.156901061,0.25893793,0.087452946,0.475196379,0.394992773,0.302879356,0.315558632,0.212543691,0.287312524,0.252834875,0.42205915,0.300694123,0.495014835,0.140548322,0.183282483,0.304087402,0.034801136,0.258118237,0.277541512
1843,0.088891954,0.094020053,0.140429496,0.131717277,0.068953012,0.101513995,0.191619112,0.157939372,0.262364863,0.088329815,0.478518794,0.397469148,0.303840819,0.317979233,0.21417408,0.289959605,0.253890833,0.423759704,0.300873809,0.495024438,0.14161473,0.184799468,0.304413245,0.035382231,0.259890047,0.280709989
1844,0.092514943,0.096999785,0.141108479,0.133427583,0.069903014,0.103026575,0.193177036,0.158977684,0.265791796,0.089206684,0.482119973,0.399945524,0.304802282,0.320399834,0.215804469,0.292606686,0.254946791,0.425467652,0.301053495,0.49503404,0.142681138,0.186333498,0.304729503,0.036157025,0.261661856,0.283878466
1845,0.096137931,0.099989271,0.141787462,0.135137888,0.070853016,0.104528551,0.194734959,0.160015995,0.269218728,0.090083553,0.485726842,0.402421899,0.305763745,0.322820434,0.217434859,0.295253767,0.256002749,0.427182994,0.301233181,0.495043643,0.143747545,0.187884573,0.305055345,0.03706095,0.263433666,0.287046943
1846,0.09976092,0.102969003,0.142466446,0.136848194,0.071803018,0.106041132,0.196292882,0.161054306,0.272645661,0.090960422,0.48896961,0.404898274,0.306725208,0.325241035,0.219065248,0.297900848,0.257058708,0.428903882,0.301412867,0.495053245,0.144813953,0.18944417,0.305381187,0.03790031,0.265205475,0.29021542
1847,0.103383908,0.105953612,0.143145429,0.1385585,0.07275302,0.107553713,0.197850805,0.162092617,0.276072594,0.091837291,0.489811592,0.40737465,0.307686672,0.327661636,0.220695637,0.300547929,0.258114666,0.430632163,0.301592553,0.495062847,0.145880361,0.191020812,0.30570703,0.038868802,0.266977285,0.293383898
1848,0.107006897,0.108933344,0.143824412,0.140268805,0.073703022,0.109076898,0.199408729,0.163130929,0.279499526,0.09271416,0.488750581,0.409851025,0.308648135,0.330082237,0.222326026,0.303195011,0.259170624,0.432367837,0.301772239,0.49507245,0.146946768,0.192605976,0.306023288,0.040289256,0.268749094,0.296552375
1849,0.110629885,0.111922829,0.144503395,0.141979111,0.074653025,0.110589479,0.200966652,0.16416924,0.282926459,0.093591029,0.489080547,0.412327401,0.309609598,0.332502837,0.223956416,0.305842092,0.260226583,0.434110906,0.301951925,0.495082052,0.148013176,0.194208185,0.30634913,0.042871901,0.270520904,0.299720852
1850,0.114252874,0.114995221,0.145182378,0.143689417,0.075603027,0.112112664,0.202524575,0.165207551,0.286353392,0.094467898,0.489902617,0.414803776,0.310571061,0.334923438,0.225586805,0.308489173,0.261282541,0.435859519,0.302131611,0.495091655,0.149079584,0.195818916,0.306674972,0.04487345,0.272292713,0.302889329
1851,0.118317241,0.11901859,0.146657508,0.145314656,0.076942331,0.113703366,0.204082499,0.166245862,0.289780324,0.095344767,0.490790111,0.41907501,0.311532524,0.337716743,0.227468228,0.311610037,0.262338499,0.437397412,0.30242792,0.490761163,0.150385693,0.198085872,0.307805836,0.047146178,0.273975112,0.306057806
1852,0.122381609,0.123046837,0.148132639,0.146939896,0.078281635,0.115294068,0.205640422,0.167284174,0.293207257,0.096221636,0.492983246,0.423346244,0.312493987,0.340510047,0.229349651,0.314730902,0.263394458,0.438939002,0.30272423,0.486467665,0.151691801,0.200378394,0.3089367,0.052195248,0.275657511,0.309226283
1853,0.126445977,0.127562765,0.149607769,0.148565136,0.07962094,0.11688477,0.207198345,0.168322485,0.29663419,0.097098505,0.4950626,0.427617477,0.313455451,0.343303352,0.231231074,0.317851767,0.264450416,0.440486137,0.303020539,0.482213547,0.15299791,0.202696484,0.310067564,0.057954545,0.27733991,0.31239476
1854,0.130510345,0.131098453,0.151082899,0.150190375,0.080960244,0.118486076,0.208756269,0.169360796,0.300061122,0.097975374,0.497264269,0.431888711,0.314416914,0.346096656,0.233112497,0.320972632,0.265506374,0.442040665,0.303316848,0.477996422,0.154304019,0.20504014,0.311208012,0.064165806,0.279022309,0.315563237
1855,0.134574713,0.1351267,0.152558029,0.151815615,0.082299549,0.120087383,0.210314192,0.170399107,0.303488055,0.098852243,0.499630921,0.436159945,0.315378377,0.348889961,0.23499392,0.324093496,0.266562332,0.443598891,0.303613157,0.473817485,0.155610127,0.207417887,0.312358043,0.070635331,0.280704708,0.318731715
1856,0.13863908,0.139159823,0.15403316,0.153440855,0.083638853,0.121688689,0.211872115,0.171437419,0.306914988,0.099729112,0.502148333,0.440431179,0.31633984,0.351683266,0.236875343,0.327214361,0.267618291,0.445162662,0.303909466,0.469674348,0.156916236,0.209812678,0.313498491,0.07620093,0.282387107,0.321900192
1857,0.142703448,0.143183193,0.15550829,0.155066094,0.084978157,0.123289996,0.213430039,0.17247573,0.31034192,0.100605981,0.504805127,0.444702413,0.317301303,0.35447657,0.238756766,0.330335226,0.268674249,0.446733826,0.304205775,0.465569398,0.158222345,0.212241559,0.314658105,0.082347624,0.284069506,0.325068669
1858,0.146767816,0.147211439,0.15698342,0.156691334,0.086317462,0.124901907,0.214987962,0.173514041,0.313768853,0.10148285,0.507752064,0.448973647,0.318262766,0.357269875,0.240638189,0.33345609,0.269730207,0.448308688,0.304502084,0.461500249,0.159528453,0.214696006,0.315808136,0.087719525,0.285751905,0.328237146
1859,0.150832184,0.151239686,0.15845855,0.158316574,0.087656766,0.126513818,0.216545885,0.174552352,0.317195786,0.102359719,0.510906652,0.453244881,0.31922423,0.360063179,0.242519612,0.336576955,0.270786166,0.449889094,0.304798393,0.4574669,0.160834562,0.217184544,0.316977335,0.090831612,0.287434304,0.331405623
1860,0.154896552,0.155272809,0.159933681,0.159941814,0.08899607,0.128136334,0.218103808,0.175590664,0.320622718,0.103236588,0.514217689,0.457516114,0.320185693,0.362856484,0.244401035,0.33969782,0.271842124,0.451476895,0.305094702,0.453469351,0.162140671,0.219698648,0.31813695,0.094137397,0.289116704,0.3345741
1861,0.156790805,0.159364454,0.161408811,0.161567053,0.090335375,0.129748245,0.219661732,0.176628975,0.324049651,0.104113456,0.517716465,0.461787348,0.321147156,0.365649788,0.246282458,0.342818684,0.272898082,0.453068392,0.305391011,0.451162771,0.163446779,0.22223832,0.319306148,0.09645532,0.290799103,0.337742577
1862,0.158685057,0.163451222,0.162883941,0.163192293,0.091674679,0.131381365,0.221219655,0.177667286,0.327476584,0.104990325,0.521274976,0.466058582,0.322108619,0.368443093,0.248163881,0.345939549,0.27395404,0.454665434,0.30568732,0.448869318,0.164752888,0.224812081,0.32048493,0.099806302,0.292481502,0.340911055
1863,0.16057931,0.167542867,0.164359072,0.164817533,0.093013984,0.133003881,0.222777578,0.178705597,0.330903516,0.105867194,0.524904601,0.470329816,0.323070082,0.371236398,0.250045304,0.349060414,0.275009999,0.456269871,0.30598363,0.446586605,0.166058997,0.22741141,0.321663712,0.104061209,0.294163901,0.344079532
1864,0.162473563,0.171624759,0.165834202,0.166442772,0.094353288,0.134637002,0.224335502,0.179743908,0.334330449,0.106744063,0.528485868,0.47460105,0.324031545,0.374029702,0.251926727,0.352181279,0.276065957,0.457878004,0.306279939,0.444317019,0.167365105,0.230044828,0.322842494,0.109155475,0.2958463,0.347248009
1865,0.164367816,0.175716404,0.167309332,0.168068012,0.095692592,0.136270122,0.225893425,0.18078222,0.337757382,0.107620932,0.532052913,0.478872284,0.324993009,0.376823007,0.25380815,0.355302143,0.277121915,0.45949353,0.306576248,0.442058173,0.168671214,0.232703813,0.324030859,0.114249742,0.297528699,0.350416486
1866,0.166262069,0.179803172,0.168784462,0.169693252,0.097031897,0.137913848,0.227451348,0.181820531,0.341184314,0.108497801,0.534851934,0.483143518,0.325954472,0.379616311,0.255689573,0.358423008,0.278177874,0.461112754,0.306872557,0.439811261,0.169977323,0.235396888,0.325219225,0.118569215,0.299211098,0.353584963
1867,0.168156322,0.183894817,0.170259593,0.171318491,0.098371201,0.139557573,0.229009272,0.182858842,0.344611247,0.10937467,0.537847228,0.487414751,0.326915935,0.382409616,0.257570996,0.361543873,0.279233832,0.462739372,0.307168866,0.437576282,0.171283431,0.238124052,0.326417174,0.122049329,0.300893497,0.35675344
1868,0.170050575,0.187981585,0.171734723,0.172943731,0.099710505,0.141201298,0.230567195,0.183897153,0.34803818,0.110251539,0.540171212,0.491685985,0.327877398,0.38520292,0.259452419,0.364664737,0.28028979,0.464371534,0.307465175,0.435353236,0.17258954,0.240876783,0.327615123,0.126497934,0.302575896,0.359921917
1869,0.171944828,0.19207323,0.173209853,0.174568971,0.10104981,0.142855628,0.232125118,0.184935465,0.351465112,0.111128408,0.544358365,0.495957219,0.328838861,0.387996225,0.261333842,0.367785602,0.281345748,0.466009242,0.307761484,0.43314093,0.173895649,0.243663604,0.328822656,0.130752841,0.304258295,0.363090395
1870,0.17383908,0.196247781,0.174684983,0.176194211,0.102389114,0.144509958,0.233683042,0.185973776,0.354892045,0.112005277,0.546107753,0.500228453,0.329800324,0.39078953,0.263215265,0.370906467,0.282401707,0.467652495,0.308057793,0.430940558,0.175201757,0.279048561,0.330030188,0.133393595,0.305940694,0.366258872
1871,0.174758621,0.200427209,0.1768072,0.178403542,0.10430166,0.147153881,0.236646346,0.187244699,0.358318978,0.115693072,0.546926979,0.50555512,0.331886051,0.395067316,0.266096557,0.375505988,0.284344171,0.46842329,0.308354248,0.432135067,0.178500224,0.281818337,0.332052326,0.127905475,0.308403675,0.369427349
1872,0.177931034,0.205489339,0.178948366,0.180612874,0.106256009,0.149819013,0.239609651,0.188515621,0.36174591,0.119380868,0.549381811,0.510881786,0.333971777,0.399345102,0.268977848,0.380105509,0.286286635,0.469194085,0.308650703,0.433331962,0.181798691,0.284622203,0.334074465,0.131844008,0.310552629,0.372595826
1873,0.181287356,0.21055147,0.181108479,0.182822206,0.108252163,0.152526565,0.242572956,0.189786544,0.365172843,0.123068663,0.553022814,0.516208453,0.336057503,0.403622889,0.27185914,0.384705031,0.288229099,0.469968577,0.308947157,0.434532438,0.185097158,0.28746868,0.336096603,0.135847107,0.312675414,0.375764303
1874,0.18445977,0.2156136,0.18330649,0.185031538,0.110279671,0.155244721,0.245536261,0.191057466,0.368599775,0.126756458,0.557030761,0.52153512,0.338143229,0.407900675,0.274740432,0.389304552,0.290171564,0.470743068,0.309243612,0.435736493,0.188395625,0.290349247,0.337677895,0.141335227,0.314824369,0.37893278
1875,0.187172414,0.220651347,0.185523449,0.187240869,0.112338531,0.1580159,0.248499566,0.192328389,0.372026708,0.130444254,0.561132579,0.526861786,0.340228955,0.412178462,0.277621724,0.393904073,0.292114028,0.47151756,0.309540067,0.436944129,0.191694093,0.293272427,0.339604198,0.147210744,0.316999492,0.382101257
1876,0.189793103,0.225732985,0.187778304,0.189450201,0.114449647,0.160797684,0.251462871,0.193599312,0.375453641,0.134132049,0.566045088,0.532188453,0.342314681,0.416456248,0.280503016,0.398503594,0.294056492,0.472295749,0.309836522,0.438154151,0.19499256,0.296238218,0.342258853,0.152569731,0.319148446,0.385269735
1877,0.192367816,0.230795115,0.190052108,0.191659533,0.116592116,0.163611282,0.254426176,0.194870234,0.378880573,0.137819844,0.571020177,0.53751512,0.344400407,0.420734034,0.283384308,0.403103116,0.295998956,0.473073937,0.310132976,0.439367753,0.198291027,0.299246621,0.345181849,0.157864153,0.3212974,0.388438212
1878,0.195126437,0.235852369,0.19234486,0.193868865,0.118776389,0.166435485,0.257389481,0.196141157,0.382307506,0.141507639,0.575460494,0.542841786,0.346486134,0.425011821,0.286265599,0.407702637,0.29794142,0.473852126,0.310429431,0.440584935,0.201589494,0.302297636,0.348028176,0.163287707,0.323472523,0.391606689
1879,0.198252874,0.2409145,0.194675509,0.196078197,0.121002466,0.169259687,0.260352786,0.197412079,0.385734439,0.145195435,0.580387226,0.548168453,0.34857186,0.429289607,0.289146891,0.412302158,0.299883885,0.474634011,0.310725886,0.441805698,0.204887961,0.305391263,0.350347405,0.169227789,0.325647646,0.394775166
1880,0.201563218,0.246074167,0.197044055,0.198287528,0.123259897,0.172105099,0.263316091,0.198683002,0.389161371,0.14888323,0.584284236,0.55349512,0.350657586,0.433567394,0.292028183,0.41690168,0.301826349,0.475415896,0.311022341,0.443028846,0.208186428,0.308536024,0.352743303,0.175426136,0.327822769,0.397943643
1881,0.204643678,0.25234087,0.199412601,0.20049686,0.125569583,0.17499293,0.266279396,0.199953925,0.392588304,0.152571025,0.587828525,0.558821786,0.352743312,0.43784518,0.294909475,0.421501201,0.303768813,0.479406654,0.311318795,0.444456057,0.211484895,0.311723397,0.355666299,0.181301653,0.329997892,0.40111212
1882,0.207034483,0.258602696,0.201837991,0.202706192,0.127921074,0.177880761,0.269242701,0.201224847,0.396015237,0.156258821,0.591463839,0.564148453,0.354829038,0.442122967,0.297790767,0.426100722,0.305711277,0.483430684,0.31161525,0.445886848,0.214783362,0.317535666,0.358560544,0.187435434,0.332330029,0.404280597
1883,0.209655172,0.264864522,0.204282331,0.204915524,0.130324819,0.180779196,0.272206006,0.20249577,0.399442169,0.159946616,0.594937014,0.56947512,0.356914764,0.446400753,0.300672059,0.430700243,0.307653741,0.487489834,0.311911705,0.447323606,0.218081829,0.32083383,0.361933969,0.195054236,0.33479301,0.407449075
1884,0.212275862,0.271126348,0.206764567,0.207124856,0.132759918,0.183677632,0.275169311,0.203766692,0.402869102,0.163634411,0.599078655,0.574801786,0.35900049,0.450678539,0.30355335,0.435299765,0.309596206,0.491582255,0.31220816,0.448763944,0.221380296,0.324183129,0.365499066,0.203641529,0.337334497,0.410617552
1885,0.214528736,0.277388175,0.209265751,0.209334187,0.135247272,0.186554858,0.278132615,0.205037615,0.406296035,0.167322207,0.603086602,0.580128453,0.361086217,0.454956326,0.306434642,0.439899286,0.31153867,0.495709797,0.312504614,0.450209055,0.224678763,0.327592084,0.368268724,0.210743802,0.339588127,0.413786029
1886,0.216597701,0.283654878,0.211804832,0.211543519,0.137776431,0.189315433,0.28109592,0.206308538,0.409722967,0.171010002,0.607239621,0.58545512,0.363171943,0.459234112,0.309315934,0.444498807,0.313481134,0.49987061,0.312801069,0.451658939,0.22797723,0.331043652,0.370137525,0.217394112,0.341789419,0.416954506
1887,0.218850575,0.289916704,0.214362861,0.213752851,0.140357845,0.192086612,0.284059225,0.20757946,0.4131499,0.174697797,0.611176456,0.590781786,0.365257669,0.463511899,0.312197226,0.449098328,0.315423598,0.504066543,0.313097524,0.453112403,0.231275697,0.334563398,0.372475921,0.224367252,0.344069218,0.420122983
1888,0.221287356,0.29617853,0.216958787,0.215962183,0.142991514,0.194974443,0.28702253,0.208850383,0.416576833,0.178385592,0.615155958,0.596108453,0.367343395,0.467789685,0.315078518,0.45369785,0.317366063,0.508299445,0.313393979,0.454571835,0.234574164,0.338125756,0.376165604,0.23121126,0.346689212,0.42329146
1889,0.223678161,0.302440357,0.21959261,0.218171515,0.145666987,0.197851669,0.289985835,0.210121305,0.420003765,0.182073388,0.61944267,0.60143512,0.369429121,0.472067471,0.31795981,0.458297371,0.319308527,0.512565619,0.313690433,0.456036039,0.237872631,0.341747771,0.380353635,0.237474174,0.349570896,0.426459937
1890,0.226114943,0.308711936,0.222245381,0.220380846,0.148394716,0.200750104,0.29294914,0.211392228,0.423430698,0.185761183,0.623533109,0.606761786,0.371514847,0.476345258,0.320841101,0.462896892,0.321250991,0.516868762,0.313986888,0.457503824,0.241171098,0.345429443,0.384081652,0.243543388,0.351981539,0.429628415
1891,0.228597701,0.31510056,0.225561345,0.222590178,0.151948079,0.204273686,0.295912445,0.212663151,0.426857631,0.189448978,0.627475632,0.612393875,0.373600573,0.481557546,0.324351824,0.468684358,0.323193455,0.517763401,0.314284423,0.459904923,0.245466066,0.349034413,0.386985481,0.249870868,0.354742846,0.432796892
1892,0.230896552,0.321489183,0.228953103,0.22479951,0.1555746,0.207797267,0.29887575,0.213934073,0.430284563,0.193136774,0.631648563,0.618025963,0.3756863,0.486769834,0.327862547,0.474471824,0.325135919,0.518658041,0.314581957,0.462319149,0.249761033,0.352690518,0.389898893,0.255681818,0.357634997,0.435965369
1893,0.233195402,0.32787293,0.232363809,0.227008842,0.15929518,0.211310243,0.301839055,0.215204996,0.433711496,0.196824569,0.63578167,0.623658052,0.377772026,0.491982122,0.33137327,0.48025929,0.327078384,0.519554529,0.314879492,0.464745309,0.254056001,0.356406279,0.392936892,0.260782541,0.360213121,0.439133846
1894,0.235448276,0.334261553,0.235850308,0.229218174,0.16310982,0.214865639,0.30480236,0.216475918,0.437138429,0.200512364,0.640697024,0.62929014,0.379857752,0.49719441,0.334883993,0.486046756,0.329020848,0.520452865,0.315177027,0.467183401,0.258350969,0.360173175,0.396281566,0.265818698,0.362948259,0.442302323
1895,0.237655172,0.340650177,0.239943155,0.231427505,0.167008068,0.21838922,0.307765665,0.217746841,0.440565361,0.20420016,0.645464462,0.634922228,0.381943478,0.502406698,0.338394716,0.491834222,0.330963312,0.52135305,0.315474561,0.469634621,0.262645937,0.363991205,0.400354593,0.270854855,0.365212356,0.4454708
1896,0.239908046,0.3470388,0.242955945,0.233636837,0.171000376,0.221359237,0.31072897,0.219017764,0.443992294,0.207887955,0.650849163,0.640554317,0.384029204,0.507618986,0.34190544,0.497621688,0.332905776,0.522255083,0.315772096,0.472036914,0.266940904,0.367945593,0.404389286,0.27576188,0.368130676,0.448639277
1897,0.242252874,0.353427423,0.246594031,0.235846169,0.175086744,0.225092791,0.313692275,0.220288686,0.447419227,0.21157575,0.656788549,0.646186405,0.38611493,0.512831275,0.345416163,0.503409155,0.33484824,0.523158965,0.31606963,0.47445114,0.271235872,0.371959638,0.408673152,0.280862603,0.370839645,0.451807755
1898,0.244827586,0.359816047,0.250288963,0.238055501,0.179277622,0.228858159,0.31665558,0.221559609,0.450846159,0.215263545,0.662736469,0.651818493,0.388200656,0.518043563,0.348926886,0.509196621,0.336790705,0.524062847,0.316367165,0.476877299,0.27553084,0.376016295,0.413484115,0.285446798,0.373784134,0.454976232
1899,0.247494253,0.36620467,0.254021791,0.240264833,0.18356256,0.232623527,0.319618885,0.222830531,0.454273092,0.218951341,0.668493804,0.657450582,0.390286382,0.523255851,0.352437609,0.514984087,0.338733169,0.524970425,0.3166647,0.479369391,0.279825808,0.380158176,0.418093823,0.289579029,0.376362258,0.458144709
1900,0.250896552,0.372544525,0.257830412,0.242474164,0.187952009,0.236388895,0.322582189,0.224101454,0.457700025,0.222639136,0.673875662,0.66308267,0.392372109,0.528468139,0.355948332,0.520771553,0.340675633,0.525878004,0.316962234,0.481832843,0.284120775,0.384359713,0.422665197,0.293646694,0.378521679,0.461313186
1901,0.254528736,0.379845112,0.26063477,0.247362311,0.192216044,0.24100193,0.325545494,0.225372377,0.461126957,0.226326931,0.67952775,0.669238739,0.394457835,0.537149423,0.361795588,0.530968829,0.342618097,0.529020333,0.317588041,0.484624556,0.289158871,0.388407847,0.428022426,0.298230888,0.383279271,0.464481663
1902,0.259770115,0.387555352,0.263458077,0.252278074,0.196291961,0.245721012,0.328508799,0.226643299,0.46455389,0.230014727,0.685780034,0.675394808,0.396543561,0.545830707,0.367642844,0.541166106,0.344560562,0.532347505,0.318213848,0.487417462,0.293255532,0.392541206,0.433705496,0.303073347,0.385969519,0.46765014
1903,0.267264368,0.394758403,0.26631928,0.257000521,0.200451486,0.250577955,0.331472104,0.227914222,0.467980823,0.233702522,0.691821823,0.681550876,0.398629287,0.554511991,0.3734901,0.551363382,0.346503026,0.535489834,0.318839655,0.490169795,0.297393639,0.396734221,0.439321482,0.307528409,0.389837368,0.470818617
1904,0.275586207,0.402263816,0.26921838,0.261584884,0.204705071,0.255668201,0.334435409,0.229185144,0.471407755,0.237390317,0.69790628,0.687706945,0.400715013,0.563193275,0.379337356,0.561560659,0.34844549,0.538817006,0.319465462,0.492966281,0.301602798,0.400986893,0.444467871,0.312435434,0.393495865,0.473987094
1905,0.283494253,0.410369077,0.272155377,0.266307331,0.209052715,0.260556958,0.337398714,0.230456067,0.474834688,0.241078113,0.703655082,0.693863014,0.402800739,0.571874559,0.385184612,0.571757935,0.350387954,0.542144177,0.320091269,0.495811695,0.305859325,0.405316266,0.448790071,0.317858988,0.399064693,0.477155572
1906,0.288827586,0.418284143,0.275111322,0.270919311,0.213483968,0.265530552,0.340362019,0.23172699,0.478261621,0.244765908,0.710066661,0.700019083,0.404886465,0.580555843,0.391031868,0.581955212,0.352330418,0.545471349,0.320717076,0.498620115,0.310175062,0.409381445,0.452604341,0.323347107,0.402670853,0.480324049
1907,0.303264368,0.42593586,0.278086215,0.275973158,0.218009281,0.270726845,0.343325324,0.232997912,0.481688553,0.248453703,0.716116983,0.706175151,0.406972192,0.589237127,0.396879124,0.592152488,0.354272883,0.548798521,0.321342884,0.501438081,0.314544087,0.413506281,0.457051128,0.329028926,0.404549864,0.483492526
1908,0.313241379,0.434304469,0.281117954,0.280861304,0.222639104,0.276018579,0.346288629,0.234268835,0.485115486,0.252141498,0.722525717,0.71233122,0.409057918,0.597918411,0.40272638,0.602349765,0.356215347,0.552125693,0.321968691,0.504269175,0.318966402,0.417716341,0.462504193,0.335291839,0.407580308,0.486661003
1909,0.321517241,0.443033962,0.28416864,0.286218934,0.227352535,0.281469384,0.349251934,0.235539757,0.488542419,0.255829294,0.728911695,0.718487289,0.411143644,0.606599695,0.408573637,0.612547041,0.358157811,0.555452865,0.322594498,0.507126522,0.323442005,0.422011625,0.468340601,0.342329545,0.410924779,0.48982948
1910,0.330482759,0.452407194,0.284225486,0.29152133,0.232180929,0.287111073,0.352215239,0.23681068,0.491969351,0.259517089,0.735328962,0.724643358,0.41322937,0.615280979,0.414420893,0.622744318,0.360100275,0.558410351,0.323220305,0.510014896,0.327935371,0.426409177,0.474560353,0.349948347,0.41474029,0.492997957
1911,0.340689655,0.459561477,0.284036002,0.296934193,0.237103382,0.293070903,0.355178544,0.238081603,0.495396284,0.263204884,0.741788898,0.730701978,0.415315096,0.623962263,0.420268149,0.632941594,0.362042739,0.56025878,0.326912868,0.515676602,0.332606366,0.43091752,0.481240117,0.359439566,0.418712814,0.496166434
1912,0.349517241,0.466725514,0.283846518,0.302512756,0.242130346,0.29911557,0.358141849,0.239352525,0.498823217,0.26689268,0.746399886,0.736760598,0.417400822,0.632643547,0.426115405,0.643138871,0.363985204,0.560813309,0.330648624,0.52139559,0.336809604,0.435545177,0.488197805,0.371448864,0.421062866,0.499334912
1913,0.361011494,0.476006086,0.283657035,0.308201785,0.247272271,0.305298098,0.361105154,0.240623448,0.502250149,0.270580475,0.750851581,0.742819218,0.419486548,0.641324831,0.431962661,0.653336147,0.365927668,0.561367837,0.334449172,0.52717663,0.34106021,0.440070565,0.495203412,0.383716426,0.423412918,0.502503389
1914,0.372091954,0.485267152,0.283467551,0.314194598,0.252508256,0.311597277,0.368176647,0.250981674,0.505677082,0.279426656,0.757291605,0.737600763,0.416345993,0.641399538,0.43201298,0.652389018,0.371505826,0.561922366,0.340898465,0.533010247,0.345221218,0.444681177,0.502141933,0.392303719,0.428201121,0.505671866
1915,0.376597701,0.492270253,0.283278067,0.320132177,0.257869654,0.317164733,0.375248141,0.261339901,0.509104015,0.288272837,0.7582047,0.732382309,0.413205437,0.641474245,0.432063299,0.651441889,0.377083984,0.562292052,0.346743046,0.538865343,0.349447357,0.449377013,0.509118789,0.395338326,0.43403608,0.508840343
1916,0.377655172,0.499209956,0.283088584,0.326290689,0.263335563,0.322350421,0.382319634,0.271698127,0.512530947,0.297119019,0.758179099,0.727163854,0.410064881,0.641548952,0.432113617,0.65049476,0.382662142,0.56284658,0.353192339,0.544794427,0.353720863,0.454158073,0.515741051,0.394498967,0.43984487,0.51200882
1917,0.380551724,0.506295964,0.2828991,0.332366352,0.268926884,0.327620946,0.389391128,0.282056354,0.51595788,0.3059652,0.756517892,0.721945399,0.406924325,0.641623659,0.432163936,0.649547631,0.3882403,0.563401109,0.359684826,0.550817784,0.358029895,0.458981745,0.521702046,0.393982438,0.445732167,0.515177297
1918,0.385011494,0.511860406,0.282709616,0.338690564,0.274622716,0.332880867,0.396462621,0.29241458,0.519384813,0.314811381,0.752182823,0.716726944,0.403783769,0.641698366,0.432214255,0.648600502,0.393818458,0.563955638,0.366242103,0.556878136,0.362664581,0.459441954,0.526005079,0.399535124,0.451619464,0.518345774
1919,0.393011494,0.514371964,0.282520133,0.345180476,0.280454412,0.338352881,0.403534115,0.302772807,0.522811745,0.323657563,0.738523373,0.711508489,0.400643213,0.641773073,0.432264573,0.647653373,0.399396616,0.564325323,0.372885768,0.563030375,0.36683151,0.463941775,0.529522258,0.412448347,0.45753293,0.521514252
1920,0.404505747,0.521238515,0.282330649,0.351559922,0.28640107,0.344386944,0.410605608,0.313131033,0.526238678,0.332503744,0.742573989,0.706701,0.397502657,0.64184778,0.432314892,0.646706244,0.404974774,0.564879852,0.379378255,0.569245861,0.372141187,0.468671701,0.534936988,0.426071798,0.463472564,0.524682729
1921,0.41508046,0.531396914,0.282235907,0.356834701,0.292305924,0.350908821,0.417677102,0.32348926,0.529665611,0.341349925,0.736301793,0.714873599,0.394362101,0.636840077,0.428941966,0.639298321,0.410552932,0.568022181,0.387144958,0.571297769,0.377083764,0.473853313,0.541377162,0.434917355,0.468967328,0.527851206
1922,0.421103448,0.538809668,0.286669825,0.363794096,0.298294386,0.357992746,0.424748595,0.333847486,0.533092543,0.350196106,0.741419108,0.727183868,0.391221545,0.63623506,0.428534459,0.637487124,0.41613109,0.573752311,0.395019644,0.57338667,0.38219805,0.479128671,0.548267766,0.444085744,0.474697611,0.531019683
1923,0.425563218,0.548090241,0.291179536,0.370284009,0.304397809,0.365925046,0.431820089,0.344205713,0.536519476,0.359042288,0.747705527,0.739522158,0.388080989,0.639200236,0.430531646,0.640214377,0.421709248,0.579667283,0.402980719,0.575501825,0.387555095,0.484472208,0.555244621,0.453447831,0.480323219,0.53418816
1924,0.431908046,0.558677799,0.29576504,0.377022471,0.310637097,0.374069439,0.438891583,0.354563939,0.539946409,0.367888469,0.753647758,0.749684202,0.390625874,0.649000765,0.437132766,0.650780393,0.427287406,0.585397412,0.411071374,0.577615786,0.392929903,0.489918015,0.562422732,0.462874483,0.485085253,0.537356637
1925,0.439034483,0.567095176,0.30040739,0.383733316,0.317001798,0.38198053,0.445963076,0.364922166,0.543373341,0.37673465,0.758839031,0.76022919,0.393170759,0.661683771,0.445675372,0.665010632,0.432865564,0.591312384,0.418665302,0.579778675,0.398446815,0.495449045,0.570434616,0.472946798,0.490553847,0.540525114
1926,0.446574713,0.574766401,0.305125533,0.391024111,0.323491911,0.38989162,0.45303457,0.375280392,0.546800274,0.385580831,0.764297691,0.770428593,0.39574361,0.675146625,0.454743242,0.680228037,0.438443722,0.5974122,0.425092998,0.581906956,0.404022937,0.50117609,0.579711534,0.482696281,0.495682246,0.543693592
1927,0.455402299,0.582788756,0.309919469,0.396851223,0.330117888,0.398036013,0.460106063,0.385638619,0.550227207,0.394427013,0.768954192,0.779423123,0.398512221,0.688165262,0.463511911,0.69485147,0.44402188,0.603327172,0.431585485,0.584073425,0.409966159,0.507090627,0.588720111,0.492316632,0.500967657,0.546862069
1928,0.464689655,0.589952792,0.314789199,0.403948702,0.336879729,0.406381896,0.467177557,0.395996845,0.553654139,0.403273194,0.773727319,0.788557753,0.404832485,0.70046986,0.471799641,0.708035983,0.449600038,0.609426987,0.438121165,0.58626734,0.416057406,0.513473896,0.597642436,0.500903926,0.508686778,0.550030546
1929,0.473793103,0.596165851,0.319753671,0.409748198,0.343777434,0.414780801,0.47424905,0.406355072,0.557081072,0.412119375,0.778215993,0.797608323,0.411236646,0.711454969,0.479198632,0.719530604,0.455178196,0.615711645,0.44470004,0.588483929,0.422871012,0.520027613,0.606104749,0.507941632,0.511172117,0.553199023
1930,0.482206897,0.603105554,0.325438181,0.417232309,0.350821454,0.421960169,0.481320544,0.416713298,0.560508005,0.420965557,0.783617762,0.806742954,0.417473013,0.720600688,0.485358707,0.728712078,0.460756354,0.62181146,0.451343705,0.590733932,0.429506989,0.52672621,0.615295414,0.514075413,0.516248177,0.5563675
1931,0.489977011,0.607811677,0.331217432,0.425103054,0.358011789,0.429224374,0.488392037,0.427071525,0.563934937,0.429811738,0.788894371,0.816858297,0.424352592,0.72844008,0.490638909,0.736136733,0.466334513,0.630314233,0.458700067,0.595244129,0.435953494,0.535870732,0.624898174,0.519176136,0.521402745,0.559535977
1932,0.496275862,0.611727757,0.337091426,0.432587165,0.365337988,0.436170438,0.495463531,0.437429751,0.56736187,0.438657919,0.793391579,0.826572015,0.431064377,0.733117302,0.49378924,0.739566714,0.471912671,0.639186691,0.466142816,0.5998307,0.443051308,0.545313539,0.63432843,0.523372934,0.526531143,0.562704454
1933,0.502022989,0.615356105,0.343249645,0.440678843,0.372820952,0.442957433,0.502535025,0.447787978,0.570788803,0.4475041,0.797775005,0.835958829,0.437888025,0.737064033,0.49644755,0.742051359,0.477490829,0.648243993,0.473650356,0.604412498,0.449491892,0.555071673,0.643844937,0.527569731,0.531581035,0.565872932
1934,0.507126437,0.619247801,0.349502605,0.447886788,0.380460683,0.449680799,0.509606518,0.458146204,0.574215735,0.456350282,0.802349015,0.845056099,0.444823536,0.742530975,0.500129794,0.746451774,0.483068987,0.657301294,0.481222687,0.607741284,0.456512732,0.565153659,0.65254684,0.531637397,0.536892616,0.569041409
1935,0.512,0.623544272,0.355869256,0.456088932,0.38825718,0.45659505,0.516678012,0.468504431,0.577642668,0.465196463,0.807014049,0.853546262,0.45187091,0.748442134,0.50411124,0.75140015,0.488647145,0.666543438,0.488881405,0.61107007,0.463865148,0.575585062,0.663548804,0.535511364,0.541628481,0.572209886
1936,0.51691954,0.627553011,0.360776883,0.463959677,0.396210443,0.463753208,0.523749505,0.478862657,0.581069601,0.474042644,0.811548236,0.862036426,0.459589462,0.756679676,0.509659615,0.759205448,0.494225303,0.675970425,0.494121273,0.614417949,0.471276773,0.586399973,0.672490297,0.539514463,0.546913893,0.575378363
1937,0.521425287,0.631371555,0.367029844,0.472272287,0.404320472,0.471208297,0.530820999,0.489220884,0.584496533,0.482888826,0.816176292,0.870171664,0.467727502,0.769106023,0.518029348,0.772272841,0.499803461,0.685582255,0.499404335,0.618084452,0.478919316,0.597598391,0.683099334,0.544163223,0.552199305,0.57854684
1938,0.526528736,0.636306888,0.373377546,0.480143032,0.412608169,0.478886085,0.537892492,0.49957911,0.587923466,0.491735007,0.821688997,0.879100813,0.475865541,0.783993663,0.528056879,0.788469045,0.505381619,0.695194085,0.504687397,0.62164952,0.4862066,0.609214406,0.688859073,0.549328512,0.557746406,0.581715317
1939,0.531954023,0.641490939,0.379857887,0.488980359,0.421063083,0.488037922,0.544963986,0.509937337,0.591350399,0.500581188,0.827855946,0.887450874,0.489876391,0.799601923,0.538569782,0.804702896,0.510959777,0.704990758,0.510013653,0.625318409,0.493132705,0.621307675,0.693507116,0.555139463,0.563136494,0.584883794
1940,0.53737931,0.646845678,0.386414022,0.498452869,0.429685214,0.496882224,0.552035479,0.520295563,0.594777331,0.509427369,0.83085124,0.877802537,0.498377985,0.813607709,0.548003343,0.819723704,0.516537935,0.714972274,0.515339909,0.62879517,0.499993679,0.633861153,0.699286022,0.560304752,0.568238723,0.588052272
1941,0.543356322,0.653112381,0.397063003,0.507455896,0.439665984,0.506543087,0.559106973,0.53065379,0.598204264,0.518273551,0.830802883,0.865124267,0.503691482,0.800897934,0.539442707,0.801260366,0.522116093,0.724029575,0.523020223,0.632109636,0.506937547,0.644190288,0.709233792,0.564307851,0.573236277,0.591220749
1942,0.550298851,0.660252034,0.40799621,0.518530172,0.450117052,0.515970646,0.566178466,0.541012016,0.601631197,0.527119732,0.834466642,0.853875034,0.509060909,0.788194741,0.530886504,0.782797027,0.527694251,0.732532348,0.530765329,0.635583533,0.511217961,0.654391587,0.719047391,0.568956612,0.577893636,0.594389226
1943,0.557011494,0.669449701,0.419232591,0.526262833,0.460818946,0.525992068,0.57324996,0.551370243,0.605058129,0.535965913,0.835072527,0.842354939,0.514458303,0.775494838,0.522332518,0.764333689,0.533272409,0.74103512,0.538575225,0.639049076,0.518595047,0.661465169,0.728400978,0.57263688,0.584723013,0.597557703
1944,0.564045977,0.677569592,0.430772146,0.534437361,0.471771665,0.536427072,0.580321454,0.561728469,0.608485062,0.544812094,0.835942955,0.832786926,0.519939594,0.762804806,0.51378518,0.74587035,0.538850567,0.749722736,0.546471509,0.642281917,0.525717531,0.661729363,0.739642532,0.578706095,0.592625316,0.60072618
1945,0.570298851,0.685065252,0.449531028,0.543053755,0.482996112,0.547233239,0.587392947,0.572086696,0.611911995,0.553658276,0.832819657,0.812627226,0.525476816,0.750121355,0.505242275,0.727407012,0.544428725,0.758595194,0.578145949,0.645452704,0.532940671,0.660868602,0.730499784,0.586066632,0.602150091,0.603894657
1946,0.580873563,0.692214658,0.462586452,0.553437614,0.494471385,0.558378757,0.594464441,0.582444922,0.615338927,0.562504457,0.83179278,0.801512491,0.537921584,0.752774921,0.507029577,0.727407012,0.550006883,0.767467652,0.612174449,0.648640198,0.541442743,0.665172408,0.739843787,0.596138946,0.61157019,0.607063134
1947,0.593149425,0.705616136,0.476020843,0.564622356,0.506228837,0.570192369,0.601535934,0.592803149,0.61876586,0.571350638,0.841384547,0.79074334,0.550646009,0.755790441,0.509060673,0.727825302,0.555585041,0.639556377,0.626009873,0.652704085,0.550116523,0.67224599,0.748660693,0.605307335,0.620440742,0.610231612
1948,0.605977011,0.717881318,0.48985315,0.575779482,0.518268467,0.583236124,0.608607428,0.603161375,0.622192793,0.58019682,0.851391616,0.798663756,0.563678058,0.762132655,0.513332455,0.732426497,0.561163199,0.646950092,0.631724872,0.656511402,0.559328126,0.680563841,0.768172888,0.616477273,0.629939348,0.613400089
1949,0.619264368,0.730400094,0.504083373,0.587350857,0.530590276,0.597340347,0.615678921,0.613519602,0.625619725,0.589043001,0.858673621,0.808171992,0.577045696,0.772792004,0.520512031,0.742465467,0.566741357,0.656192237,0.638303747,0.660670756,0.568693674,0.69133614,0.785576693,0.632102273,0.63954263,0.616568566
1950,0.644183908,0.742597,0.539744197,0.617673936,0.558536432,0.607446605,0.622750415,0.623877828,0.629046658,0.597889182,0.865025464,0.818548858,0.590692992,0.782401684,0.526984606,0.751128261,0.572319515,0.663585952,0.654752392,0.664678555,0.591043928,0.704051543,0.803153002,0.656960227,0.645665447,0.619737043
1951,0.658896552,0.755310848,0.555111322,0.631455457,0.574766941,0.623523298,0.637953285,0.635715499,0.642218553,0.612401055,0.870947767,0.828507511,0.605990268,0.795215343,0.543434953,0.76375076,0.588930762,0.674676525,0.648834849,0.677866205,0.604899018,0.713946036,0.816177105,0.675232438,0.656782702,0.632405207
1952,0.679816092,0.768356319,0.571179536,0.645187582,0.591561808,0.639599992,0.653921972,0.647914248,0.655842965,0.627308707,0.875895802,0.838714197,0.621846859,0.804754586,0.557953516,0.777388563,0.604936082,0.687615527,0.644083537,0.691945283,0.619298838,0.723942798,0.828587858,0.689953512,0.669535193,0.64625079
1953,0.698068966,0.781187211,0.587986736,0.659117291,0.608941934,0.655888778,0.670202658,0.660466993,0.669956583,0.643095866,0.881428965,0.849856221,0.638486493,0.813826055,0.571415635,0.790862775,0.619995566,0.700554529,0.640433665,0.70734062,0.634361807,0.734348634,0.840049835,0.704093492,0.682787666,0.660118178
1954,0.718896552,0.79504711,0.60557082,0.674726469,0.626949124,0.672622961,0.684441167,0.675080003,0.684583868,0.659278804,0.886888277,0.860818105,0.656188825,0.822930937,0.587956535,0.80463301,0.635587083,0.71349353,0.644645055,0.724479433,0.649963586,0.745206157,0.850582203,0.720364153,0.69727539,0.6747051
1955,0.737931034,0.809214248,0.623969683,0.691619946,0.645604281,0.689866169,0.70126076,0.69018861,0.699712591,0.67585752,0.892631633,0.872613972,0.675233514,0.831484513,0.610896468,0.819112141,0.651932314,0.726432532,0.656868885,0.740989354,0.66632325,0.756498321,0.860750395,0.736893079,0.71224545,0.689488259
1956,0.756091954,0.823708133,0.643221222,0.708118254,0.665022365,0.707682029,0.718108718,0.705863612,0.715452822,0.692832014,0.898789692,0.883362356,0.695704458,0.843312506,0.63425898,0.833232928,0.669341609,0.741219963,0.673304106,0.756847709,0.683612507,0.768173993,0.869864392,0.754067665,0.726780231,0.705318012
1957,0.782068966,0.83873359,0.663495973,0.725308108,0.685077965,0.72599631,0.735183583,0.72202713,0.731718951,0.710290237,0.905146581,0.892776366,0.717909279,0.857496074,0.655146393,0.847283605,0.687800192,0.756007394,0.692374144,0.776409012,0.701760307,0.780301352,0.877502516,0.771048554,0.741738527,0.721671064
1958,0.802850575,0.85286659,0.684831833,0.743732866,0.705791982,0.744830219,0.752768993,0.738792444,0.748572127,0.728144239,0.911784672,0.902230406,0.741260697,0.87172976,0.678357984,0.861630304,0.706923816,0.772643253,0.71319353,0.795878427,0.720819937,0.792701427,0.885418563,0.787512913,0.757926191,0.738809062
1959,0.821701149,0.867243431,0.707304595,0.762947961,0.727185318,0.764173153,0.770850765,0.756223273,0.766073503,0.74648197,0.918928361,0.911691119,0.765031601,0.885428848,0.705040749,0.87636391,0.726875046,0.787430684,0.736107812,0.811820316,0.741004553,0.80541683,0.894120466,0.8046875,0.774878534,0.756513966
1960,0.839862069,0.881098453,0.731009,0.782657018,0.749289327,0.784025112,0.789443081,0.774397497,0.784186388,0.765919085,0.926117497,0.920938332,0.789110129,0.89897758,0.734983399,0.891468842,0.747491318,0.802218115,0.760901022,0.813747567,0.76191745,0.817816905,0.901739422,0.822120351,0.792660259,0.774982012
1961,0.856781609,0.895826425,0.754827096,0.801995604,0.771633711,0.804343676,0.808163034,0.792925717,0.802458265,0.78583993,0.934025263,0.930572513,0.8118463,0.910955929,0.766586176,0.906584161,0.768802187,0.820702403,0.784571194,0.806360765,0.783712572,0.831870323,0.90989506,0.841361054,0.810783149,0.791291455
1962,0.87291954,0.909710708,0.779175746,0.822248018,0.794688767,0.825033405,0.82197609,0.813223925,0.821121507,0.807255937,0.94325383,0.938718867,0.833072319,0.922149086,0.798279505,0.920650418,0.791664819,0.839186691,0.807895817,0.813532765,0.80626558,0.849008846,0.918414874,0.857696281,0.829194264,0.81119857
1963,0.889333333,0.922897606,0.80405495,0.844402183,0.8184963,0.845967041,0.84171713,0.834343406,0.840946615,0.829243624,0.951559256,0.947005331,0.853207674,0.933876842,0.82635074,0.933652033,0.815266386,0.85767098,0.831458005,0.833973563,0.829487658,0.866505309,0.927806795,0.874354339,0.849652365,0.831999651
1964,0.906252874,0.935806527,0.829464709,0.868260515,0.84305631,0.867208212,0.863613802,0.855222169,0.861529994,0.851846966,0.959742543,0.955051607,0.873287097,0.944886231,0.851916692,0.945692874,0.839843346,0.876155268,0.855214565,0.853752054,0.853378806,0.88438528,0.937524558,0.891658058,0.869169323,0.853236814
1965,0.922804598,0.947579151,0.855367125,0.89093334,0.868410602,0.88875692,0.886134472,0.877120444,0.882639271,0.875021988,0.967664511,0.962804321,0.893534314,0.95492666,0.877573196,0.956339294,0.865321806,0.896487985,0.878323219,0.874450614,0.877648898,0.902631714,0.947654416,0.909026343,0.887615731,0.875629592
1966,0.940137931,0.958586115,0.881819043,0.913383882,0.894162033,0.910411674,0.909194049,0.90025063,0.904519048,0.89885664,0.974967264,0.970276816,0.913865429,0.964983795,0.902324177,0.966092452,0.891154955,0.914972274,0.902166166,0.899133751,0.902061093,0.921295744,0.956346734,0.926071798,0.908167947,0.898109587
1967,0.957241379,0.969081014,0.90944576,0.93511818,0.920216546,0.932246707,0.932551444,0.924796806,0.927279398,0.923350923,0.981199174,0.977335655,0.934364338,0.974807043,0.927226079,0.975170473,0.917239341,0.935304991,0.925706758,0.922443349,0.926568023,0.940351804,0.966265753,0.942665289,0.929461313,0.921439941
1968,0.972091954,0.978805376,0.938304121,0.956901875,0.946542787,0.954336253,0.955128841,0.950121775,0.950687947,0.948504837,0.986908444,0.986222587,0.955450529,0.983678038,0.952460006,0.983661641,0.942998596,0.957486137,0.95000324,0.946861564,0.951063112,0.959816939,0.977152715,0.959517045,0.95136054,0.946601836
1969,0.986114943,0.988417572,0.968469919,0.979253624,0.973140755,0.976765149,0.977550239,0.97609102,0.974915918,0.974362357,0.993492568,0.992954505,0.977459589,0.991780547,0.976546936,0.991929495,0.971078105,0.977818854,0.974796449,0.97292898,0.975741751,0.979699671,0.988758446,0.979338843,0.973836218,0.973050171
1970,1,1,1,1,1,1,1,1,1,1,1,1,1,1,1,1,1,1,1,1,1,1,1,1,1,1
