t,Region,Urban,Rural
1971,1,24.97379,31.98016
1971,2,25.88403,33.24936
1971,3,21.69906,28.35981
1971,4,13.0523,17.35961
1971,5,11.50409,15.08303
1971,6,14.4678,18.81248
1971,7,10.31822,13.75848
1971,8,8.184629,11.11837
1971,9,5.038033,6.931768
1971,10,6.988162,9.249967
1971,11,28.56562,36.89235
1971,12,20.45495,27.02887
1971,13,17.07255,22.80908
1971,14,16.42129,21.62796
1971,15,14.59606,19.4147
1971,16,16.92427,22.0575
1971,17,12.04722,15.97119
1971,18,5.524786,7.529712
1971,19,13.24768,17.56797
1971,20,4.410579,6.026168
1971,21,8.156011,11.05897
1971,22,7.625756,10.42422
1971,23,16.53829,21.75228
1971,24,26.9343,34.20819
1971,25,10.52717,14.42244
1971,26,7.198364,9.896796
1971,27,0,0
1972,1,26.3268,33.71321
1972,2,27.85696,35.78314
1972,3,22.08279,28.83725
1972,4,13.18202,17.52254
1972,5,12.04002,15.76894
1972,6,14.61245,18.98777
1972,7,10.41346,13.87925
1972,8,8.133464,11.04264
1972,9,5.018945,6.903065
1972,10,7.074259,9.363346
1972,11,29.25548,37.77064
1972,12,20.64689,27.26257
1972,13,17.38694,23.21298
1972,14,16.53878,21.76418
1972,15,14.60934,19.42641
1972,16,17.00244,22.1401
1972,17,12.08522,16.00488
1972,18,5.511186,7.5086
1972,19,13.3908,17.73616
1972,20,4.525733,6.183494
1972,21,8.176329,11.08312
1972,22,7.605435,10.39131
1972,23,17.45433,22.93941
1972,24,27.95169,35.48835
1972,25,10.445,14.30354
1972,26,7.170863,9.851848
1972,27,0,0
1973,1,27.73884,35.52192
1973,2,29.53462,37.93759
1973,3,22.4734,29.32266
1973,4,13.23284,17.58045
1973,5,12.48377,16.33262
1973,6,14.58485,18.93903
1973,7,10.43351,13.89976
1973,8,8.190059,11.11323
1973,9,4.958107,6.816982
1973,10,7.371192,9.755754
1973,11,29.95398,38.65942
1973,12,20.84418,27.50291
1973,13,17.43909,23.26646
1973,14,16.98402,22.33102
1973,15,14.70244,19.54422
1973,16,17.24418,22.43517
1973,17,12.68017,16.77526
1973,18,5.511489,7.506444
1973,19,13.63733,18.04068
1973,20,4.650356,6.353756
1973,21,8.213059,11.12951
1973,22,7.619551,10.40547
1973,23,18.39096,24.15165
1973,24,29.5168,37.4627
1973,25,10.46456,14.32402
1973,26,7.137983,9.799597
1973,27,0,0
1974,1,28.7584,36.82804
1974,2,29.30531,37.64246
1974,3,22.58338,29.44117
1974,4,13.10568,17.40198
1974,5,13.15537,17.1927
1974,6,12.00905,15.58355
1974,7,11.38103,15.1553
1974,8,8.224352,11.15351
1974,9,5.019661,6.899183
1974,10,7.532767,9.968973
1974,11,30.13203,38.87601
1974,12,21.64744,28.54181
1974,13,17.65164,23.5337
1974,14,17.25237,22.66441
1974,15,14.75208,19.60421
1974,16,17.39707,22.61397
1974,17,13.56181,17.92286
1974,18,5.491741,7.476989
1974,19,13.84483,18.2928
1974,20,4.603302,6.289456
1974,21,8.243373,11.16717
1974,22,7.699248,10.50913
1974,23,18.22878,23.92005
1974,24,31.20485,39.5915
1974,25,10.48128,14.3406
1974,26,6.99014,9.58972
1974,27,0,0
1975,1,29.47376,37.74465
1975,2,29.42376,37.79404
1975,3,22.79116,29.6866
1975,4,13.24633,17.57909
1975,5,12.61326,16.46624
1975,6,12.07988,15.66459
1975,7,11.46056,15.25438
1975,8,8.112261,10.99533
1975,9,5.025875,6.905293
1975,10,7.592416,10.04729
1975,11,30.3442,39.13636
1975,12,21.98215,28.96178
1975,13,17.98588,23.96271
1975,14,17.54265,23.02589
1975,15,14.80718,19.6714
1975,16,17.56264,22.80867
1975,17,15.2478,20.12987
1975,18,5.515964,7.507403
1975,19,14.02846,18.51269
1975,20,4.625397,6.319635
1975,21,8.251067,11.17418
1975,22,7.742482,10.56295
1975,23,18.66467,24.47286
1975,24,31.87067,40.42216
1975,25,10.4355,14.27171
1975,26,7.073992,9.697793
1975,27,0,0
1976,1,30.56127,39.13669
1976,2,31.35987,40.27991
1976,3,22.89299,29.79454
1976,4,13.53416,17.95282
1976,5,13.67418,17.83237
1976,6,12.32231,15.96779
1976,7,11.62375,15.46484
1976,8,8.117067,10.99572
1976,9,5.036128,6.916881
1976,10,7.514946,9.944115
1976,11,30.9016,39.84505
1976,12,22.41414,29.5097
1976,13,18.56401,24.72172
1976,14,17.8809,23.45107
1976,15,14.87006,19.75133
1976,16,17.74505,23.02816
1976,17,14.98998,19.77277
1976,18,5.512442,7.499735
1976,19,14.29645,18.84256
1976,20,4.765058,6.507604
1976,21,8.287216,11.21844
1976,22,7.744339,10.55913
1976,23,18.92065,24.79374
1976,24,31.47188,39.91882
1976,25,10.47057,14.31021
1976,26,7.022191,9.619023
1976,27,0,0
1977,1,30.99964,39.69741
1977,2,32.85216,42.19562
1977,3,22.90306,29.78269
1977,4,13.97454,18.52846
1977,5,14.4296,18.79739
1977,6,12.78712,16.55839
1977,7,11.92146,15.854
1977,8,8.226504,11.13776
1977,9,5.087173,6.984469
1977,10,7.275731,9.62694
1977,11,31.2593,40.29588
1977,12,22.80696,30.00521
1977,13,18.64904,24.82369
1977,14,18.20916,23.86236
1977,15,14.9305,19.82798
1977,16,17.92284,23.2411
1977,17,15.64908,20.62467
1977,18,5.557155,7.557673
1977,19,14.4703,19.04752
1977,20,4.88113,6.663212
1977,21,8.335057,11.27849
1977,22,7.750017,10.56052
1977,23,19.347,25.33729
1977,24,32.14524,40.77538
1977,25,10.48751,14.32394
1977,26,7.04779,9.646339
1977,27,0,0
1978,1,31.50241,40.34058
1978,2,34.33803,44.10296
1978,3,23.36788,30.36143
1978,4,14.08267,18.66324
1978,5,14.4116,18.75361
1978,6,12.84766,16.62489
1978,7,11.93108,15.85987
1978,8,8.244838,11.15639
1978,9,5.08364,6.977106
1978,10,7.213139,9.543492
1978,11,31.72219,40.88198
1978,12,23.34786,30.6946
1978,13,18.59202,24.73656
1978,14,18.55322,24.29355
1978,15,14.9945,19.90933
1978,16,18.10888,23.46418
1978,17,16.0786,21.17272
1978,18,5.587423,7.595934
1978,19,14.77749,19.42709
1978,20,5.10681,6.968246
1978,21,8.383908,11.33986
1978,22,7.832031,10.66588
1978,23,19.95306,26.11531
1978,24,32.40934,41.11288
1978,25,10.54791,14.39696
1978,26,7.120587,9.738177
1978,27,0,0
1979,1,31.82092,40.74776
1979,2,35.16371,45.16231
1979,3,24.07868,31.25817
1979,4,13.90068,18.41359
1979,5,15.15552,19.70003
1979,6,13.23969,17.11976
1979,7,12.27155,16.30533
1979,8,8.267148,11.18037
1979,9,5.048887,6.926919
1979,10,7.204326,9.531206
1979,11,32.26264,41.56765
1979,12,23.75315,31.20472
1979,13,18.373,24.43406
1979,14,18.69855,24.46388
1979,15,15.00991,19.92615
1979,16,18.19406,23.55609
1979,17,17.10881,22.51009
1979,18,5.546587,7.537541
1979,19,15.11045,19.83932
1979,20,5.376033,7.332408
1979,21,8.449291,11.42353
1979,22,7.858128,10.69502
1979,23,20.74401,27.13415
1979,24,32.4384,41.15225
1979,25,10.60394,14.46396
1979,26,7.188433,9.823124
1979,27,0,0
1980,1,31.9855,40.95783
1980,2,35.23932,45.25827
1980,3,25.01288,32.44275
1980,4,13.75516,18.21244
1980,5,15.81179,20.53018
1980,6,13.63894,17.62307
1980,7,12.40564,16.47629
1980,8,8.158972,11.02797
1980,9,5.015995,6.87932
1980,10,7.593729,10.04572
1980,11,32.50691,41.87138
1980,12,24.83364,32.60036
1980,13,18.02267,23.95728
1980,14,19.03913,24.88902
1980,15,15.07177,20.0046
1980,16,18.37862,23.77614
1980,17,17.66355,23.22003
1980,18,5.600605,7.608048
1980,19,15.09794,19.79726
1980,20,5.699858,7.770698
1980,21,8.504214,11.493
1980,22,7.868108,10.70221
1980,23,20.80373,27.19576
1980,24,32.52193,41.26069
1980,25,10.66551,14.53845
1980,26,7.106387,9.703285
1980,27,0,0
1981,1,31.93318,40.88176
1981,2,35.24446,45.2547
1981,3,25.6616,33.26288
1981,4,13.66064,18.08059
1981,5,15.35289,19.91315
1981,6,13.67178,17.65347
1981,7,12.1915,16.18444
1981,8,8.028625,10.84612
1981,9,4.999297,6.854304
1981,10,7.922814,10.479
1981,11,32.5364,41.90285
1981,12,24.52595,32.18255
1981,13,18.29748,24.27897
1981,14,19.38375,25.32063
1981,15,15.12756,20.07791
1981,16,18.55398,23.9905
1981,17,17.89554,23.50753
1981,18,5.613369,7.623333
1981,19,15.30072,20.0378
1981,20,6.05405,8.247255
1981,21,8.510312,11.49604
1981,22,8.153999,11.08171
1981,23,20.89499,27.30907
1981,24,33.28991,42.23957
1981,25,10.68155,14.55451
1981,26,7.120502,9.716303
1981,27,0,0
1982,1,30.88288,39.52833
1982,2,35.19807,45.18493
1982,3,25.10641,32.5222
1982,4,13.60073,17.99462
1982,5,15.46347,20.03491
1982,6,13.22624,17.0664
1982,7,12.14411,16.11411
1982,8,7.973833,10.76648
1982,9,5.011235,6.868554
1982,10,7.877729,10.41731
1982,11,32.64217,42.03253
1982,12,24.40561,32.01079
1982,13,18.48342,24.48163
1982,14,19.47908,25.42603
1982,15,15.12479,20.07347
1982,16,18.60347,24.04183
1982,17,16.6912,21.90916
1982,18,5.597365,7.599554
1982,19,15.59236,20.39365
1982,20,6.391617,8.700469
1982,21,8.565978,11.56601
1982,22,8.166695,11.08961
1982,23,21.39718,27.95925
1982,24,34.32273,43.55477
1982,25,10.67084,14.53415
1982,26,7.071788,9.643639
1982,27,0,0
1983,1,31.34947,40.11653
1983,2,37.18899,47.72987
1983,3,24.2222,31.35631
1983,4,13.70166,18.12141
1983,5,15.76732,20.40611
1983,6,12.87943,16.60727
1983,7,12.11274,16.06509
1983,8,7.919744,10.68787
1983,9,5.003385,6.855683
1983,10,7.901587,10.44679
1983,11,32.84111,42.28209
1983,12,24.58624,32.23372
1983,13,18.78195,24.83219
1983,14,19.75791,25.77044
1983,15,15.16325,20.12378
1983,16,18.74518,24.21208
1983,17,16.33647,21.42747
1983,18,5.643972,7.660771
1983,19,15.99671,20.8955
1983,20,6.855328,9.324585
1983,21,8.586352,11.58829
1983,22,8.247724,11.19023
1983,23,21.69559,28.34293
1983,24,34.58023,43.8862
1983,25,10.70799,14.57897
1983,26,6.999506,9.538959
1983,27,0,0
1984,1,32.26196,41.27488
1984,2,38.81732,49.80835
1984,3,24.40268,31.56907
1984,4,13.7627,18.19538
1984,5,16.53429,21.37474
1984,6,12.88978,16.60882
1984,7,12.16385,16.12544
1984,8,7.874101,10.62075
1984,9,4.961722,6.796506
1984,10,8.051145,10.64242
1984,11,33.06875,42.56849
1984,12,24.92682,32.66603
1984,13,19.23046,25.37914
1984,14,19.94358,25.99276
1984,15,15.17848,20.14324
1984,16,18.83759,24.31839
1984,17,16.44622,21.55518
1984,18,5.643554,7.658144
1984,19,16.37183,21.35756
1984,20,7.32455,9.955257
1984,21,8.621066,11.6299
1984,22,8.300097,11.25186
1984,23,21.95028,28.66932
1984,24,34.73775,44.09081
1984,25,10.72001,14.58955
1984,26,7.014668,9.553519
1984,27,0,0
1985,1,33.36185,42.67233
1985,2,40.40939,51.83926
1985,3,24.58543,31.78424
1985,4,13.7623,18.18808
1985,5,16.18667,20.9014
1985,6,12.58786,16.20811
1985,7,12.26612,16.25353
1985,8,7.932065,10.69337
1985,9,4.918821,6.735672
1985,10,7.60042,10.04465
1985,11,33.45195,43.05499
1985,12,25.22966,33.04845
1985,13,19.50313,25.6921
1985,14,19.75608,25.72855
1985,15,15.1028,20.04206
1985,16,18.73378,24.17125
1985,17,16.24012,21.26893
1985,18,5.661216,7.680048
1985,19,16.73403,21.80112
1985,20,8.039131,10.91822
1985,21,8.591906,11.58534
1985,22,8.365644,11.33124
1985,23,22.4401,29.30258
1985,24,34.80172,44.17671
1985,25,10.74388,14.61625
1985,26,6.976843,9.495951
1985,27,0,0
1986,1,34.06208,43.56472
1986,2,41.55191,53.29182
1986,3,24.05788,31.08231
1986,4,13.82049,18.25669
1986,5,16.08089,20.74236
1986,6,12.87918,16.57266
1986,7,12.11767,16.05112
1986,8,8.025031,10.81308
1986,9,4.881042,6.681279
1986,10,7.455935,9.848211
1986,11,34.07128,43.84451
1986,12,25.51398,33.40916
1986,13,19.99756,26.30576
1986,14,20.32878,26.45965
1986,15,15.20743,20.18388
1986,16,19.02347,24.53622
1986,17,15.70236,20.55407
1986,18,5.662946,7.68042
1986,19,17.19851,22.37344
1986,20,8.446082,11.46208
1986,21,8.548318,11.52106
1986,22,8.374714,11.33288
1986,23,22.87978,29.85968
1986,24,36.011,45.70671
1986,25,10.74143,14.60777
1986,26,6.921273,9.41394
1986,27,0,0
1987,1,34.86485,44.58809
1987,2,42.49409,54.48668
1987,3,23.82927,30.76701
1987,4,13.8035,18.22595
1987,5,15.48276,19.94878
1987,6,13.14946,16.90952
1987,7,11.91928,15.78271
1987,8,8.002935,10.77771
1987,9,4.903832,6.709808
1987,10,7.577926,10.00376
1987,11,34.62801,44.55317
1987,12,25.6968,33.63671
1987,13,20.7393,27.24219
1987,14,20.42653,26.57199
1987,15,15.20209,20.17977
1987,16,19.06518,24.58112
1987,17,15.61115,20.42412
1987,18,5.669757,7.687681
1987,19,17.64279,22.91716
1987,20,9.0885,12.32442
1987,21,8.592537,11.57513
1987,22,8.383053,11.33356
1987,23,23.44735,30.58283
1987,24,36.01397,45.70544
1987,25,10.74387,14.60595
1987,26,6.993778,9.506137
1987,27,0,0
1988,1,35.70014,45.65286
1988,2,43.48906,55.74849
1988,3,23.82295,30.73866
1988,4,14.11534,18.6292
1988,5,15.44934,19.88316
1988,6,12.97941,16.6799
1988,7,11.87501,15.7185
1988,8,8.021032,10.79649
1988,9,4.900012,6.701922
1988,10,7.809381,10.30355
1988,11,35.21746,45.30365
1988,12,25.464,33.32022
1988,13,20.75619,27.22479
1988,14,20.64564,26.84188
1988,15,15.21496,20.19982
1988,16,19.16019,24.69462
1988,17,15.39108,20.12576
1988,18,5.710553,7.741008
1988,19,18.17259,23.56936
1988,20,9.82266,13.30977
1988,21,8.670691,11.67485
1988,22,8.284949,11.19048
1988,23,24.13102,31.45639
1988,24,36.44964,46.25326
1988,25,10.72852,14.57996
1988,26,6.965624,9.461492
1988,27,0,0
1989,1,36.28581,46.39828
1989,2,44.07519,56.48564
1989,3,24.43229,31.50393
1989,4,14.14996,18.66639
1989,5,14.91161,19.16883
1989,6,12.53044,16.09222
1989,7,11.98579,15.85948
1989,8,7.979857,10.73551
1989,9,4.907403,6.709374
1989,10,7.855112,10.35809
1989,11,35.71511,45.93577
1989,12,25.50964,33.36813
1989,13,20.56191,26.9304
1989,14,19.81909,25.75261
1989,15,15.00631,19.92573
1989,16,18.77284,24.1865
1989,17,15.68159,20.49495
1989,18,5.732072,7.768184
1989,19,18.88396,24.45377
1989,20,9.947656,13.46884
1989,21,8.748927,11.77458
1989,22,8.360209,11.28163
1989,23,24.81248,32.32592
1989,24,37.15749,47.14626
1989,25,10.71672,14.5588
1989,26,7.077671,9.607227
1989,27,0,0
1990,1,36.20309,46.289
1990,2,44.47363,56.98185
1990,3,24.9677,32.17262
1990,4,13.97881,18.43218
1990,5,15.04403,19.31595
1990,6,12.29843,15.78357
1990,7,11.991,15.86072
1990,8,7.961767,10.70563
1990,9,4.907173,6.706408
1990,10,7.901589,10.41353
1990,11,36.07409,46.38928
1990,12,22.64579,29.61153
1990,13,21.67312,28.34368
1990,14,19.89301,25.83385
1990,15,15.14552,20.11353
1990,16,18.96594,24.42625
1990,17,15.21211,19.87095
1990,18,5.75789,7.801173
1990,19,19.5459,25.27036
1990,20,10.24687,13.86339
1990,21,8.879013,11.94397
1990,22,8.548392,11.52487
1990,23,25.45744,33.14677
1990,24,38.29357,48.58232
1990,25,10.7324,14.57499
1990,26,6.991484,9.483875
1990,27,0,0
1991,1,35.32039,45.14386
1991,2,44.24333,56.65166
1991,3,25.30237,32.58628
1991,4,14.02723,18.48466
1991,5,15.46604,19.83563
1991,6,12.71797,16.31157
1991,7,12.06858,15.95839
1991,8,7.965537,10.70533
1991,9,4.909587,6.707179
1991,10,7.683859,10.12135
1991,11,36.32702,46.7061
1991,12,21.63239,28.28318
1991,13,21.70598,28.36827
1991,14,18.82802,24.44835
1991,15,14.76211,19.61153
1991,16,18.56039,23.90502
1991,17,15.13422,19.76008
1991,18,5.753808,7.7939
1991,19,20.18183,26.07205
1991,20,10.83311,14.64272
1991,21,8.928774,12.0072
1991,22,8.654023,11.65549
1991,23,25.83753,33.62964
1991,24,37.90657,48.07789
1991,25,10.7599,14.60806
1991,26,7.022159,9.519649
1991,27,0,0
1992,1,35.42892,45.26579
1992,2,44.96628,57.5411
1992,3,25.64528,33.00988
1992,4,14.04222,18.49301
1992,5,15.26652,19.55723
1992,6,13.26147,16.99759
1992,7,12.03414,15.90791
1992,8,7.931029,10.65361
1992,9,4.913833,6.710454
1992,10,7.404448,9.748256
1992,11,36.53707,46.96763
1992,12,21.11955,27.60949
1992,13,21.87972,28.57671
1992,14,17.12425,22.23376
1992,15,14.93,19.84181
1992,16,17.22526,22.18643
1992,17,15.4978,20.22542
1992,18,5.751529,7.789073
1992,19,20.62279,26.62047
1992,20,11.98947,16.19052
1992,21,9.00751,12.10934
1992,22,8.695429,11.69946
1992,23,26.17746,34.05986
1992,24,37.97095,48.14598
1992,25,10.76051,14.60463
1992,26,6.888559,9.332823
1992,27,0,0
1993,1,35.63491,45.51196
1993,2,45.55783,58.26072
1993,3,25.59044,32.92112
1993,4,13.99996,18.42596
1993,5,15.57726,19.93167
1993,6,14.03236,17.97379
1993,7,11.96457,15.81104
1993,8,7.909344,10.61916
1993,9,4.923928,6.721715
1993,10,7.363441,9.689239
1993,11,36.46559,46.86721
1993,12,20.99724,27.44644
1993,13,22.58088,29.47316
1993,14,15.87593,20.61087
1993,15,14.69222,19.53294
1993,16,17.23278,22.19714
1993,17,15.1384,19.74718
1993,18,5.774317,7.818188
1993,19,21.0969,27.21041
1993,20,13.28884,17.92836
1993,21,9.120133,12.25697
1993,22,8.862296,11.91199
1993,23,26.33747,34.25568
1993,24,38.11469,48.31447
1993,25,10.74735,14.58253
1993,26,6.734293,9.118251
1993,27,0,0
1994,1,36.24053,46.26796
1994,2,46.20058,59.04414
1994,3,25.93344,33.3437
1994,4,14.0634,18.49799
1994,5,16.19197,20.69285
1994,6,14.24727,18.23677
1994,7,12.03302,15.89655
1994,8,7.893327,10.59235
1994,9,4.90584,6.694512
1994,10,7.475339,9.831362
1994,11,36.73825,47.209
1994,12,21.35872,27.91572
1994,13,21.82591,28.46897
1994,14,15.4362,20.03799
1994,15,14.23795,18.93591
1994,16,17.29244,22.27501
1994,17,15.43724,20.12758
1994,18,5.800065,7.851298
1994,19,21.83521,28.13947
1994,20,13.87247,18.69826
1994,21,9.280456,12.46859
1994,22,8.98841,12.06939
1994,23,26.69079,34.70266
1994,24,38.63217,48.95636
1994,25,10.73034,14.5552
1994,26,6.685007,9.046004
1994,27,0,0
1995,1,36.56569,46.66526
1995,2,46.63131,59.55499
1995,3,24.44617,31.41366
1995,4,14.15885,18.61197
1995,5,16.97293,21.66337
1995,6,14.27507,18.25986
1995,7,11.96007,15.79526
1995,8,7.910188,10.60967
1995,9,4.933607,6.72988
1995,10,7.740202,10.17439
1995,11,36.98597,47.51856
1995,12,21.69687,28.35442
1995,13,22.24059,28.9906
1995,14,15.29852,19.85724
1995,15,13.96634,18.58146
1995,16,17.21573,22.17719
1995,17,15.31384,19.95728
1995,18,5.842433,7.906888
1995,19,22.76493,29.31301
1995,20,15.03769,20.24994
1995,21,9.400278,12.62568
1995,22,9.189638,12.32724
1995,23,26.93835,35.01176
1995,24,40.0347,50.71898
1995,25,10.75215,14.58053
1995,26,6.728094,9.098774
1995,27,0,0
1996,1,37.08445,47.29701
1996,2,47.16445,60.19741
1996,3,24.48842,31.45541
1996,4,14.37505,18.88585
1996,5,17.1923,21.91532
1996,6,14.42119,18.43565
1996,7,12.02406,15.8756
1996,8,7.925798,10.62473
1996,9,4.950861,6.75142
1996,10,7.931079,10.41994
1996,11,37.3068,47.92065
1996,12,22.35403,29.21287
1996,13,22.96488,29.91674
1996,14,15.08721,19.58117
1996,15,13.87796,18.46829
1996,16,17.09254,22.01944
1996,17,15.51109,20.20529
1996,18,5.909287,7.99554
1996,19,23.38409,30.10213
1996,20,16.26821,21.88475
1996,21,9.50829,12.76573
1996,22,9.382595,12.56979
1996,23,27.26133,35.42666
1996,24,40.9579,51.86826
1996,25,10.78098,14.61483
1996,26,6.816355,9.213513
1996,27,0,0
1997,1,38.2391,48.73781
1997,2,47.68629,60.82385
1997,3,25.03743,32.14768
1997,4,14.56943,19.13077
1997,5,17.3926,22.14116
1997,6,14.88328,19.01472
1997,7,11.99687,15.83554
1997,8,7.9453,10.64498
1997,9,4.984264,6.794964
1997,10,8.052969,10.57463
1997,11,37.62811,48.32312
1997,12,22.79837,29.79322
1997,13,23.71815,30.87938
1997,14,15.24041,19.77819
1997,15,13.88569,18.483
1997,16,17.24152,22.2123
1997,17,15.00697,19.53981
1997,18,5.911762,7.997064
1997,19,23.62816,30.40805
1997,20,16.85773,22.65486
1997,21,9.551762,12.81904
1997,22,9.551497,12.77954
1997,23,27.34172,35.52623
1997,24,41.41227,52.42287
1997,25,10.76183,14.58407
1997,26,6.908302,9.33312
1997,27,0,0
1998,1,38.84041,49.47127
1998,2,48.354,61.63459
1998,3,27.37318,35.13247
1998,4,14.79519,19.41655
1998,5,17.15068,21.80294
1998,6,14.93612,19.07034
1998,7,12.00854,15.84679
1998,8,7.977669,10.68244
1998,9,4.965185,6.766957
1998,10,8.071925,10.59405
1998,11,38.11846,48.94239
1998,12,23.15083,30.25345
1998,13,23.61081,30.72093
1998,14,15.46146,20.0632
1998,15,13.89133,18.49493
1998,16,17.16335,22.11252
1998,17,15.09284,19.64272
1998,18,5.963315,8.064963
1998,19,21.88584,28.15809
1998,20,17.42076,23.38789
1998,21,9.406292,12.61884
1998,22,9.408441,12.57191
1998,23,27.19393,35.32932
1998,24,42.56885,53.86532
1998,25,10.7745,14.59645
1998,26,6.941204,9.372883
1998,27,0,0
1999,1,39.75402,50.60059
1999,2,49.15179,62.60909
1999,3,27.75415,35.60682
1999,4,14.99513,19.66812
1999,5,17.04455,21.63662
1999,6,14.49109,18.49038
1999,7,12.04156,15.88619
1999,8,7.984169,10.68524
1999,9,4.958611,6.756004
1999,10,8.096094,10.62026
1999,11,38.64341,49.60575
1999,12,23.58483,30.82024
1999,13,23.44706,30.48916
1999,14,15.52212,20.14007
1999,15,13.87846,18.48221
1999,16,17.09284,22.02262
1999,17,15.10863,19.65432
1999,18,6.012451,8.129563
1999,19,23.01346,29.60071
1999,20,18.45575,24.75244
1999,21,9.461824,12.68835
1999,22,9.50378,12.68295
1999,23,27.31941,35.48742
1999,24,43.86106,55.47786
1999,25,10.77339,14.59015
1999,26,7.004959,9.454252
1999,27,0,0
2000,1,40.72153,51.79612
2000,2,49.76194,63.34247
2000,3,28.59022,36.66423
2000,4,15.24828,19.9891
2000,5,17.36487,22.00975
2000,6,14.54593,18.54835
2000,7,11.93703,15.74413
2000,8,7.949854,10.63345
2000,9,4.934801,6.721586
2000,10,8.31014,10.89536
2000,11,39.13281,50.22316
2000,12,23.94916,31.29597
2000,13,23.95723,31.13329
2000,14,15.76057,20.44757
2000,15,13.81979,18.40847
2000,16,17.28382,22.26962
2000,17,15.31426,19.9127
2000,18,6.033303,8.155902
2000,19,23.87879,30.70525
2000,20,19.27687,25.82771
2000,21,9.454831,12.67399
2000,22,9.523287,12.69262
2000,23,27.40846,35.59816
2000,24,44.82919,56.67897
2000,25,10.80059,14.62219
2000,26,6.929606,9.347891
2000,27,0,0
2001,1,41.10826,52.27489
2001,2,50.02155,63.63181
2001,3,28.68455,36.76712
2001,4,15.30331,20.05025
2001,5,17.69205,22.39414
2001,6,14.42508,18.38278
2001,7,12.18057,16.06091
2001,8,8.02882,10.73272
2001,9,4.959125,6.752647
2001,10,8.479836,11.11208
2001,11,39.41848,50.57035
2001,12,24.54159,32.06544
2001,13,23.00256,29.87456
2001,14,16.33794,21.19229
2001,15,13.91561,18.53658
2001,16,17.56038,22.62868
2001,17,15.63331,20.31877
2001,18,6.090188,8.230965
2001,19,24.49337,31.48443
2001,20,19.70614,26.36611
2001,21,9.65688,12.93879
2001,22,9.558264,12.73672
2001,23,27.62746,35.87618
2001,24,45.60427,57.63442
2001,25,10.81374,14.63518
2001,26,6.936188,9.351624
2001,27,0,0
2002,1,41.89298,53.25927
2002,2,50.23598,63.86241
2002,3,28.71631,36.78953
2002,4,15.45094,20.23256
2002,5,17.62369,22.27605
2002,6,13.75026,17.51169
2002,7,12.29947,16.21321
2002,8,8.107743,10.83182
2002,9,4.972079,6.768214
2002,10,8.629902,11.30283
2002,11,39.5791,50.75669
2002,12,25.20131,32.92258
2002,13,23.39079,30.36022
2002,14,16.88795,21.9012
2002,15,14.02429,18.68183
2002,16,17.84066,22.99263
2002,17,15.88219,20.63328
2002,18,6.102068,8.245182
2002,19,25.52014,32.79264
2002,20,20.53619,27.43851
2002,21,9.742457,13.04736
2002,22,9.615451,12.81039
2002,23,27.77148,36.05674
2002,24,46.23981,58.41243
2002,25,10.8387,14.66413
2002,26,7.020267,9.459786
2002,27,0,0
2003,1,42.48066,53.99258
2003,2,50.64222,64.3355
2003,3,28.86667,36.9635
2003,4,15.42533,20.18788
2003,5,17.71284,22.35549
2003,6,13.95165,17.75667
2003,7,12.36182,16.2909
2003,8,8.074405,10.78091
2003,9,4.970126,6.763487
2003,10,8.812428,11.53585
2003,11,39.75629,50.96394
2003,12,25.76347,33.65203
2003,13,24.41158,31.66561
2003,14,17.58669,22.80264
2003,15,14.10981,18.79623
2003,16,18.10712,23.33881
2003,17,15.80994,20.53044
2003,18,6.163317,8.326089
2003,19,25.40752,32.63626
2003,20,21.28344,28.39746
2003,21,9.870321,13.21244
2003,22,9.658222,12.86483
2003,23,27.82137,36.11503
2003,24,47.0303,59.385
2003,25,10.85037,14.67511
2003,26,7.0396,9.480637
2003,27,0,0
2004,1,43.17306,54.8585
2004,2,51.06403,64.82673
2004,3,29.55002,37.81919
2004,4,15.69479,20.52915
2004,5,17.48096,22.02835
2004,6,14.67768,18.66837
2004,7,12.44717,16.39884
2004,8,8.157882,10.88594
2004,9,4.999321,6.801137
2004,10,9.295172,12.16139
2004,11,40.00686,51.26485
2004,12,26.55747,34.68405
2004,13,25.59536,33.18048
2004,14,18.35451,23.79324
2004,15,14.21528,18.93721
2004,16,18.55855,23.92354
2004,17,16.09898,20.89659
2004,18,6.22274,8.404492
2004,19,25.39664,32.61052
2004,20,22.38158,29.82125
2004,21,10.05017,13.44691
2004,22,9.740989,12.97251
2004,23,28.04648,36.4007
2004,24,48.29448,60.95421
2004,25,10.87946,14.70963
2004,26,7.069451,9.515625
2004,27,0,0
2005,1,44.01021,55.90771
2005,2,51.44783,65.26803
2005,3,30.12785,38.53873
2005,4,16.14769,21.10978
2005,5,17.81453,22.41161
2005,6,15.45406,19.64258
2005,7,12.57375,16.56101
2005,8,8.171518,10.8977
2005,9,5.048323,6.865706
2005,10,9.842672,12.87091
2005,11,40.21002,51.50455
2005,12,27.19089,35.50605
2005,13,26.45991,34.27968
2005,14,19.67663,25.50182
2005,15,14.36077,19.13153
2005,16,19.04445,24.55284
2005,17,16.17189,20.98194
2005,18,6.330666,8.548355
2005,19,25.95396,33.31401
2005,20,23.6427,31.45791
2005,21,10.20232,13.64414
2005,22,9.806613,13.05732
2005,23,28.23899,36.64393
2005,24,49.24172,62.12172
2005,25,10.93919,14.78554
2005,26,7.13602,9.599976
2005,27,0,0
2006,1,44.93881,57.07669
2006,2,51.85389,65.74067
2006,3,30.82979,39.41676
2006,4,16.34187,21.35308
2006,5,18.24158,22.91873
2006,6,16.34384,20.76046
2006,7,12.73326,16.76565
2006,8,8.188085,10.91286
2006,9,5.101698,6.936081
2006,10,10.58579,13.83523
2006,11,40.44283,51.78133
2006,12,27.83708,36.3423
2006,13,26.92983,34.86789
2006,14,20.92084,27.10458
2006,15,14.54311,19.37328
2006,16,19.59435,25.26059
2006,17,16.25438,21.07849
2006,18,6.429471,8.679399
2006,19,26.52135,34.0299
2006,20,25.15952,33.44551
2006,21,10.35338,13.83881
2006,22,9.859998,13.1253
2006,23,28.53293,37.01754
2006,24,49.63003,62.58446
2006,25,10.97781,14.83207
2006,26,7.175478,9.647649
2006,27,0,0
2007,1,44.6346,56.67965
2007,2,51.67944,65.47626
2007,3,31.34194,40.05108
2007,4,16.62893,21.71741
2007,5,19.21474,24.10821
2007,6,17.46112,22.16546
2007,7,12.90982,16.99257
2007,8,8.260998,11.00304
2007,9,5.149432,6.998744
2007,10,11.26355,14.7131
2007,11,40.67539,52.0573
2007,12,29.07958,37.95651
2007,13,27.33672,35.37363
2007,14,22.4812,29.11557
2007,15,14.72329,19.61212
2007,16,20.30072,26.16998
2007,17,16.72592,21.67913
2007,18,6.520844,8.800338
2007,19,27.14536,34.81779
2007,20,26.65421,35.40006
2007,21,10.52353,14.05878
2007,22,9.961026,13.25664
2007,23,28.55382,37.03679
2007,24,50.28331,63.38032
2007,25,11.01475,14.87629
2007,26,7.298367,9.807387
2007,27,0,0
2008,1,44.82556,56.91138
2008,2,51.16818,64.78478
2008,3,31.78577,40.59719
2008,4,17.08627,22.30357
2008,5,20.00218,25.05995
2008,6,19.35723,24.55634
2008,7,13.51161,17.77886
2008,8,8.321546,11.07664
2008,9,5.225846,7.100338
2008,10,11.42723,14.91882
2008,11,40.88456,52.30286
2008,12,29.75927,38.83558
2008,13,26.94305,34.84322
2008,14,23.5872,30.53681
2008,15,14.58273,19.42373
2008,16,20.56092,26.50416
2008,17,17.56562,22.75601
2008,18,6.574975,8.870969
2008,19,27.09995,34.74667
2008,20,29.56345,39.22796
2008,21,10.90605,14.5621
2008,22,10.11667,13.4606
2008,23,29.15221,37.80492
2008,24,50.07925,63.0949
2008,25,11.15829,15.0644
2008,26,7.646476,10.26943
2008,27,0,0
2009,1,45.6228,57.91258
2009,2,50.81334,64.29114
2009,3,30.47158,38.8982
2009,4,16.63584,21.70473
2009,5,19.9607,24.97001
2009,6,18.90915,23.97189
2009,7,14.25099,18.74561
2009,8,8.500414,11.30754
2009,9,5.218852,7.08858
2009,10,11.06869,14.44286
2009,11,40.56416,51.87077
2009,12,28.61738,37.3376
2009,13,26.29878,33.98933
2009,14,21.82913,28.25037
2009,15,14.59011,19.43238
2009,16,20.80994,26.82388
2009,17,19.2309,24.90068
2009,18,6.730082,9.07776
2009,19,26.72468,34.25267
2009,20,30.86098,40.91213
2009,21,10.88695,14.5289
2009,22,10.20364,13.5731
2009,23,29.22239,37.88784
2009,24,50.25713,63.29031
2009,25,11.12999,15.02046
2009,26,7.801483,10.47176
2009,27,0,0
2010,1,44.84159,56.91003
2010,2,51.17193,64.69913
2010,3,30.81321,39.31327
2010,4,16.63093,21.68739
2010,5,20.61687,25.74956
2010,6,18.99271,24.06136
2010,7,14.04297,18.46593
2010,8,8.4014,11.16873
2010,9,5.22928,7.100486
2010,10,11.87889,15.49155
2010,11,40.59111,51.88272
2010,12,28.92332,37.72884
2010,13,27.15729,35.07727
2010,14,22.60523,29.24394
2010,15,14.49354,19.30259
2010,16,20.84543,26.86835
2010,17,17.91957,23.19084
2010,18,6.933597,9.349716
2010,19,27.37838,35.07727
2010,20,32.23364,42.69267
2010,21,11.08491,14.78525
2010,22,10.3569,13.77371
2010,23,29.54065,38.29227
2010,24,51.22256,64.47633
2010,25,11.2069,15.11849
2010,26,7.809768,10.47703
2010,27,0,0
2011,1,44.93306,56.98678
2011,2,51.16343,64.64552
2011,3,32.03012,40.84113
2011,4,16.63866,21.68586
2011,5,21.89499,27.32422
2011,6,20.91611,26.48061
2011,7,13.92229,18.2967
2011,8,8.563848,11.3775
2011,9,5.277565,7.162435
2011,10,12.72781,16.58834
2011,11,40.84987,52.18341
2011,12,29.5131,38.47552
2011,13,29.10821,37.58286
2011,14,23.42891,30.29481
2011,15,14.89514,19.82493
2011,16,21.34201,27.49288
2011,17,18.02506,23.31548
2011,18,7.136067,9.616943
2011,19,27.97275,35.81793
2011,20,35.27774,46.68717
2011,21,11.54009,15.38257
2011,22,10.60367,14.0927
2011,23,29.39441,38.08458
2011,24,51.6955,65.03602
2011,25,11.29488,15.22775
2011,26,7.947788,10.65568
2011,27,0,0
2012,1,45.29519,57.40553
2012,2,51.37874,64.8736
2012,3,32.68882,41.65536
2012,4,16.68244,21.7312
2012,5,21.97801,27.40555
2012,6,21.92743,27.74229
2012,7,14.32415,18.81394
2012,8,8.757822,11.62787
2012,9,5.24609,7.116134
2012,10,13.20686,17.20192
2012,11,40.71297,51.97812
2012,12,29.68465,38.67625
2012,13,29.21636,37.70807
2012,14,23.56146,30.45127
2012,15,15.12598,20.11946
2012,16,21.82436,28.09819
2012,17,17.92641,23.17598
2012,18,7.251658,9.766841
2012,19,27.96056,35.78119
2012,20,36.13261,47.78024
2012,21,11.73756,15.63584
2012,22,10.81488,14.36404
2012,23,29.57358,38.29833
2012,24,52.50955,66.02325
2012,25,11.37093,15.3208
2012,26,8.018848,10.7444
2012,27,0,0
2013,1,45.16946,57.20483
2013,2,51.61303,65.12424
2013,3,32.67088,41.60634
2013,4,16.78377,21.85133
2013,5,22.1675,27.61872
2013,6,22.54945,28.50961
2013,7,14.36786,18.86043
2013,8,8.843948,11.73481
2013,9,5.285168,7.165539
2013,10,13.56931,17.66288
2013,11,40.70461,51.93649
2013,12,29.90828,38.94437
2013,13,29.6356,38.23441
2013,14,23.62511,30.51846
2013,15,15.30735,20.34785
2013,16,22.16062,28.5146
2013,17,17.97011,23.22044
2013,18,7.383585,9.938554
2013,19,28.36944,36.28266
2013,20,37.08007,48.9938
2013,21,11.9192,15.86769
2013,22,11.01426,14.61931
2013,23,29.99463,38.82482
2013,24,52.40094,65.84919
2013,25,11.41354,15.36873
2013,26,8.115542,10.86734
2013,27,0,0
2014,1,45.34872,57.38937
2014,2,51.85318,65.38081
2014,3,32.82494,41.77578
2014,4,16.89001,21.97764
2014,5,21.95917,27.33564
2014,6,22.65076,28.6175
2014,7,14.34349,18.81748
2014,8,8.916598,11.82373
2014,9,5.323877,7.214398
2014,10,13.80331,17.95606
2014,11,40.84976,52.09011
2014,12,30.32322,39.46095
2014,13,29.8727,38.52532
2014,14,23.22334,29.9845
2014,15,15.41863,20.48283
2014,16,22.48745,28.91819
2014,17,18.13817,23.42534
2014,18,7.545233,10.15004
2014,19,28.83749,36.85877
2014,20,37.92679,50.07229
2014,21,12.08424,16.07717
2014,22,11.19524,14.84983
2014,23,30.16057,39.02055
2014,24,52.52407,65.96562
2014,25,11.47557,15.44273
2014,26,8.197194,10.96999
2014,27,0,0
2015,1,45.93738,58.09023
2015,2,52.02779,65.55325
2015,3,33.15028,42.16228
2015,4,17.11292,22.25545
2015,5,22.31086,27.74885
2015,6,23.33258,29.45765
2015,7,14.58506,19.12323
2015,8,9.02739,11.96308
2015,9,5.354988,7.252923
2015,10,14.05498,18.27175
2015,11,41.07254,52.34186
2015,12,30.64768,39.85905
2015,13,30.36045,39.13902
2015,14,23.52892,30.36373
2015,15,15.61524,20.7309
2015,16,22.92218,29.4597
2015,17,18.57104,23.97171
2015,18,7.683244,10.32951
2015,19,29.41994,37.57988
2015,20,38.8323,51.22647
2015,21,12.33779,16.40405
2015,22,11.41445,15.13071
2015,23,30.41413,39.32924
2015,24,52.85054,66.33635
2015,25,11.53631,15.51493
2015,26,8.276343,11.06918
2015,27,0,0
2016,1,46.49669,58.75175
2016,2,52.25336,65.78833
2016,3,33.47114,42.54198
2016,4,17.35443,22.55704
2016,5,22.80312,28.33523
2016,6,23.95688,30.22344
2016,7,14.90825,19.53553
2016,8,9.147243,12.11424
2016,9,5.413058,7.327908
2016,10,14.44932,18.77225
2016,11,41.35433,52.66784
2016,12,31.08256,40.39998
2016,13,30.8236,39.72039
2016,14,23.85419,30.76783
2016,15,15.81331,20.98059
2016,16,23.34554,29.98573
2016,17,19.00532,24.51918
2016,18,7.843738,10.53897
2016,19,30.014,38.31448
2016,20,39.53004,52.10476
2016,21,12.62328,16.77294
2016,22,11.67004,15.4594
2016,23,30.66366,39.63224
2016,24,53.19782,66.73188
2016,25,11.61424,15.61013
2016,26,8.374433,11.19357
2016,27,0,0
2017,1,47.0269,59.37424
2017,2,52.47247,66.01366
2017,3,33.79774,42.92783
2017,4,17.59909,22.86229
2017,5,23.3091,28.93672
2017,6,24.59488,31.00477
2017,7,15.25802,19.98209
2017,8,9.270248,12.26936
2017,9,5.474001,7.40671
2017,10,14.87891,19.31779
2017,11,41.6317,52.98712
2017,12,31.53281,40.95998
2017,13,31.29125,40.30696
2017,14,24.22691,31.2325
2017,15,16.01674,21.23704
2017,16,23.77602,30.51997
2017,17,19.42604,25.04843
2017,18,8.01531,10.76307
2017,19,30.61289,39.05385
2017,20,40.099,52.81186
2017,21,12.92024,17.15659
2017,22,11.94434,15.81242
2017,23,30.90958,39.93007
2017,24,53.54364,67.12422
2017,25,11.69549,15.7097
2017,26,8.47628,11.32282
2017,27,0,0
2018,1,47.53048,59.96075
2018,2,52.68531,66.22935
2018,3,34.12948,43.31903
2018,4,17.84698,23.17129
2018,5,23.82847,29.55276
2018,6,25.24558,31.80024
2018,7,15.61287,20.43472
2018,8,9.396499,12.42856
2018,9,5.537956,7.48951
2018,10,15.34445,19.9091
2018,11,41.90421,53.2991
2018,12,31.99744,41.53772
2018,13,31.76295,40.89813
2018,14,24.63029,31.73601
2018,15,16.22721,21.5025
2018,16,24.2189,31.06915
2018,17,19.82937,25.55455
2018,18,8.198367,11.00231
2018,19,31.21451,39.79521
2018,20,40.56614,53.38363
2018,21,13.22834,17.55451
2018,22,12.23634,16.18836
2018,23,31.15145,40.22217
2018,24,53.88451,67.50896
2018,25,11.78024,15.81383
2018,26,8.58202,11.45711
2018,27,0,0
2019,1,48.00755,60.51142
2019,2,52.89256,66.43614
2019,3,34.46582,43.71478
2019,4,18.09516,23.48019
2019,5,24.361,30.18295
2019,6,25.90814,32.60871
2019,7,15.97264,20.89318
2019,8,9.525873,12.59168
2019,9,5.605066,7.576495
2019,10,15.84771,20.54841
2019,11,42.17101,53.60265
2019,12,32.47558,42.13202
2019,13,32.23827,41.49331
2019,14,25.06576,32.28014
2019,15,16.44427,21.7763
2019,16,24.67735,31.63731
2019,17,20.21637,26.03888
2019,18,8.393606,11.25761
2019,19,31.81802,40.53748
2019,20,40.95462,53.85083
2019,21,13.54748,17.96655
2019,22,12.54545,16.58642
2019,23,31.38916,40.5084
2019,24,54.21619,67.88075
2019,25,11.86862,15.92272
2019,26,8.691791,11.59662
2019,27,0,0
2020,1,48.45603,61.02361
2020,2,53.09803,66.63882
2020,3,34.79822,44.10418
2020,4,18.34244,23.78745
2020,5,24.90703,30.82751
2020,6,26.57951,33.42617
2020,7,16.33661,21.35651
2020,8,9.658668,12.75909
2020,9,5.675485,7.667869
2020,10,16.37591,21.21904
2020,11,42.42921,53.89407
2020,12,32.96886,42.74493
2020,13,32.7167,42.09187
2020,14,25.54955,32.88567
2020,15,16.67015,22.0614
2020,16,25.15623,32.23057
2020,17,20.59212,26.50802
2020,18,8.603005,11.53158
2020,19,32.41843,41.27423
2020,20,41.28733,54.24379
2020,21,13.87553,18.38987
2020,22,12.86821,17.00196
2020,23,31.62264,40.78863
2020,24,54.54042,68.24168
2020,25,11.96049,16.03616
2020,26,8.805739,11.74153
2020,27,0,0
2021,1,48.85619,61.48158
2021,2,53.20718,66.72619
2021,3,35.12536,44.4911
2021,4,18.62585,24.1435
2021,5,25.34676,31.34863
2021,6,27.17402,34.15025
2021,7,16.6917,21.80949
2021,8,9.795884,12.93313
2021,9,5.745334,7.758225
2021,10,16.881,21.86161
2021,11,42.66039,54.15631
2021,12,33.40879,43.29327
2021,13,33.11929,42.59317
2021,14,26.04662,33.50954
2021,15,16.91249,22.36939
2021,16,25.58806,32.76587
2021,17,20.9237,26.92258
2021,18,8.812227,11.80484
2021,19,32.95469,41.93291
2021,20,41.55629,54.5606
2021,21,14.18237,18.78524
2021,22,13.16138,17.37936
2021,23,31.88042,41.10178
2021,24,54.7696,68.48444
2021,25,12.06094,16.16114
2021,26,8.894996,11.85392
2021,27,0,0
2022,1,49.25356,61.93408
2022,2,53.31834,66.81461
2022,3,35.4524,44.87677
2022,4,18.91712,24.50929
2022,5,25.79331,31.87679
2022,6,27.7752,34.88107
2022,7,17.0496,22.26563
2022,8,9.937971,13.11339
2022,9,5.818431,7.852875
2022,10,17.4122,22.53716
2022,11,42.88984,54.41543
2022,12,33.85764,43.85242
2022,13,33.52342,43.0959
2022,14,26.54848,34.13881
2022,15,17.16754,22.69381
2022,16,26.02748,33.31002
2022,17,21.24845,27.32782
2022,18,9.033557,12.09398
2022,19,33.48736,42.5858
2022,20,41.79564,54.83797
2022,21,14.49367,19.18604
2022,22,13.46583,17.77121
2022,23,32.13454,41.40971
2022,24,54.99844,68.72541
2022,25,12.16542,16.29137
2022,26,8.986873,11.96969
2022,27,0,0
2023,1,49.64106,62.37221
2023,2,53.4313,66.90379
2023,3,35.77888,45.26062
2023,4,19.21663,24.88531
2023,5,26.24698,32.41238
2023,6,28.38227,35.61764
2023,7,17.41066,22.72535
2023,8,10.08518,13.30019
2023,9,5.894928,7.952018
2023,10,17.97069,23.24714
2023,11,43.11709,54.6708
2023,12,34.31471,44.42141
2023,13,33.92877,43.59962
2023,14,27.06186,34.78208
2023,15,17.4362,23.0358
2023,16,26.47758,33.86694
2023,17,21.56639,27.72382
2023,18,9.267635,12.39982
2023,19,34.01509,43.23118
2023,20,42.01793,55.09241
2023,21,14.81015,19.59317
2023,22,13.78168,18.17761
2023,23,32.38481,41.7122
2023,24,55.22648,68.96407
2023,25,12.27401,16.42694
2023,26,9.081438,12.0889
2023,27,0,0
2024,1,50.01741,62.79422
2024,2,53.54601,66.99349
2024,3,36.10437,45.64204
2024,4,19.52346,25.27032
2024,5,26.7076,32.95499
2024,6,28.99472,36.35918
2024,7,17.77438,23.18801
2024,8,10.23772,13.49378
2024,9,5.974987,8.055863
2024,10,18.55699,23.99216
2024,11,43.34212,54.92241
2024,12,34.77948,44.99957
2024,13,34.33501,44.10392
2024,14,27.55851,35.40301
2024,15,17.71964,23.39689
2024,16,26.93924,34.43769
2024,17,21.87779,28.11088
2024,18,9.515001,12.72306
2024,19,34.5374,43.86838
2024,20,42.23194,55.33545
2024,21,15.13136,20.00606
2024,22,14.10889,18.59849
2024,23,32.63127,42.00926
2024,24,55.45275,69.19898
2024,25,12.38679,16.56795
2024,26,9.178758,12.21164
2024,27,0,0
2025,1,50.38172,63.19894
2025,2,53.66228,67.08347
2025,3,36.42853,46.02057
2025,4,19.83704,25.66359
2025,5,27.17513,33.50459
2025,6,29.61209,37.10507
2025,7,18.13979,23.65229
2025,8,10.39573,13.69435
2025,9,6.058776,8.164634
2025,10,19.17252,24.77397
2025,11,43.5649,55.1701
2025,12,35.25089,45.58547
2025,13,34.74183,44.60837
2025,14,28.06141,36.03116
2025,15,18.01863,23.77806
2025,16,27.41285,35.0227
2025,17,22.18262,28.48898
2025,18,9.776122,13.0643
2025,19,35.05348,44.49634
2025,20,42.4437,55.575
2025,21,15.45682,20.42403
2025,22,14.44743,19.0338
2025,23,32.87389,42.30085
2025,24,55.67649,69.42938
2025,25,12.50377,16.71442
2025,26,9.278899,12.33799
2025,27,0,0
2026,1,50.7266,63.57706
2026,2,53.7506,67.13671
2026,3,36.74883,46.39293
2026,4,20.14665,26.05122
2026,5,27.55562,33.94531
2026,6,30.1893,37.79872
2026,7,18.47975,24.08285
2026,8,10.55662,13.89845
2026,9,6.149073,8.282059
2026,10,19.73776,25.48978
2026,11,43.78451,55.41272
2026,12,35.69304,46.13269
2026,13,35.09534,45.0438
2026,14,28.51648,36.59704
2026,15,18.27119,24.09752
2026,16,27.86046,35.57347
2026,17,22.47402,28.84931
2026,18,10.01614,13.37693
2026,19,35.49192,45.02448
2026,20,42.63496,55.78718
2026,21,15.75633,20.80721
2026,22,14.74247,19.41128
2026,23,33.10999,42.58353
2026,24,55.86095,69.60921
2026,25,12.62151,16.86172
2026,26,9.374212,12.45777
2026,27,0,0
2027,1,51.05711,63.93483
2027,2,53.84107,67.1908
2027,3,37.06706,46.7614
2027,4,20.46112,26.44462
2027,5,27.94016,34.38954
2027,6,30.76937,38.49402
2027,7,18.81824,24.51095
2027,8,10.723,14.10952
2027,9,6.243714,8.405217
2027,10,20.32837,26.23733
2027,11,44.00198,55.65155
2027,12,36.14051,46.68594
2027,13,35.44884,45.47866
2027,14,28.9702,37.1604
2027,15,18.53358,24.42954
2027,16,28.31765,36.13544
2027,17,22.75962,29.20167
2027,18,10.26728,13.70403
2027,19,35.92444,45.54382
2027,20,42.82842,56.00167
2027,21,16.05773,21.19237
2027,22,15.04461,19.79763
2027,23,33.34247,42.86103
2027,24,56.04382,69.78548
2027,25,12.74336,17.01434
2027,26,9.472071,12.5808
2027,27,0,0
2028,1,51.38526,64.28716
2028,2,53.93334,67.24524
2028,3,37.38384,47.12663
2028,4,20.77952,26.84256
2028,5,28.3283,34.83656
2028,6,31.35499,39.19424
2028,7,19.15521,24.93654
2028,8,10.89434,14.32686
2028,9,6.342923,8.534396
2028,10,20.94451,27.01677
2028,11,44.21686,55.88594
2028,12,36.59131,47.24264
2028,13,35.80211,45.91267
2028,14,29.42161,37.71996
2028,15,18.80622,24.77463
2028,16,28.78447,36.7086
2028,17,23.04225,29.54972
2028,18,10.53006,14.04626
2028,19,36.3527,46.05643
2028,20,43.02518,56.21995
2028,21,16.3636,21.58294
2028,22,15.3541,20.19316
2028,23,33.57172,43.13382
2028,24,56.22284,69.95545
2028,25,12.86964,17.17268
2028,26,9.572536,12.70714
2028,27,0,0
2029,1,51.69009,64.60779
2029,2,54.0276,67.30003
2029,3,37.69931,47.48879
2029,4,21.10044,27.24323
2029,5,28.72336,35.29044
2029,6,31.94737,39.90075
2029,7,19.49083,25.35982
2029,8,11.07106,14.55098
2029,9,6.446928,8.669896
2029,10,21.58648,27.82841
2029,11,44.42919,56.1159
2029,12,37.04461,47.80164
2029,13,36.15492,46.34549
2029,14,29.86581,38.26943
2029,15,19.08977,25.13365
2029,16,29.26161,37.29379
2029,17,23.32349,29.89542
2029,18,10.80475,14.40395
2029,19,36.77631,46.5618
2029,20,43.22604,56.44297
2029,21,16.67422,21.97926
2029,22,15.67214,20.59944
2029,23,33.7978,43.40198
2029,24,56.39822,70.11916
2029,25,13.00047,17.3369
2029,26,9.675666,12.83687
2029,27,0,0
2030,1,51.96788,64.89201
2030,2,54.12377,67.35509
2030,3,38.01307,47.84728
2030,4,21.42374,27.64641
2030,5,29.12175,35.74661
2030,6,32.54596,40.61277
2030,7,19.82405,25.77941
2030,8,11.25298,14.78165
2030,9,6.555974,8.812037
2030,10,22.25413,28.67191
2030,11,44.63919,56.34167
2030,12,37.49988,48.36226
2030,13,36.50706,46.77687
2030,14,30.30254,38.80846
2030,15,19.3846,25.50706
2030,16,29.74967,37.89166
2030,17,23.60336,30.23882
2030,18,11.0917,14.77753
2030,19,37.19518,47.05974
2030,20,43.43164,56.67157
2030,21,16.98959,22.38131
2030,22,15.99862,21.01628
2030,23,34.0209,43.66574
2030,24,56.56992,70.2766
2030,25,13.13648,17.50782
2030,26,9.781523,12.97007
2030,27,0,0
2031,1,52.32158,65.27921
2031,2,54.19497,67.38613
2031,3,38.30898,48.18798
2031,4,21.74243,28.04567
2031,5,29.46154,36.13858
2031,6,33.09647,41.26921
2031,7,20.13263,26.16849
2031,8,11.42236,14.99669
2031,9,6.669856,8.960458
2031,10,22.87551,29.45811
2031,11,44.84657,56.56969
2031,12,37.91555,48.8763
2031,13,36.82244,47.16182
2031,14,30.66662,39.25618
2031,15,19.62913,25.81541
2031,16,30.15238,38.38374
2031,17,23.82456,30.50907
2031,18,11.38034,15.15302
2031,19,37.56414,47.49909
2031,20,43.60598,56.86699
2031,21,17.27693,22.74714
2031,22,16.27406,21.36744
2031,23,34.21841,43.89853
2031,24,56.71712,70.40623
2031,25,13.27243,17.67901
2031,26,9.884255,13.09967
2031,27,0,0
2032,1,52.66259,65.64839
2032,2,54.26752,67.41721
2032,3,38.60302,48.52519
2032,4,22.0636,28.44768
2032,5,29.80275,36.53114
2032,6,33.65231,41.93054
2032,7,20.44383,26.56053
2032,8,11.59632,15.21749
2032,9,6.789246,9.116122
2032,10,23.51916,30.27205
2032,11,45.05118,56.79324
2032,12,38.3319,49.39051
2032,13,37.13694,47.5451
2032,14,31.01758,39.68645
2032,15,19.88082,26.13283
2032,16,30.56416,38.88645
2032,17,24.04601,30.77922
2032,18,11.68098,15.54403
2032,19,37.92857,47.93165
2032,20,43.78371,57.06636
2032,21,17.568,23.11744
2032,22,16.55523,21.72573
2032,23,34.41356,44.12782
2032,24,56.86179,70.53117
2032,25,13.4131,17.85627
2032,26,9.989591,13.23257
2032,27,0,0
2033,1,52.99283,66.00172
2033,2,54.34106,67.44757
2033,3,38.89511,48.85864
2033,4,22.38827,28.85371
2033,5,30.14928,36.9291
2033,6,34.21378,42.59696
2033,7,20.75893,26.95718
2033,8,11.77529,15.44463
2033,9,6.914424,9.279397
2033,10,24.1851,31.11368
2033,11,45.2529,57.0121
2033,12,38.74858,49.90446
2033,13,37.4504,47.92653
2033,14,31.35355,40.0969
2033,15,20.14079,26.46074
2033,16,30.9861,39.40113
2033,17,24.26888,31.05078
2033,18,11.99408,15.95114
2033,19,38.28821,48.35707
2033,20,43.96509,57.27004
2033,21,17.86278,23.49215
2033,22,16.84228,22.09132
2033,23,34.60634,44.35356
2033,24,57.00449,70.65196
2033,25,13.55863,18.0398
2033,26,10.09758,13.36886
2033,27,0,0
2034,1,53.31322,66.3404
2034,2,54.41553,67.47709
2034,3,39.18491,49.18795
2034,4,22.71624,29.26354
2034,5,30.49726,37.32767
2034,6,34.78001,43.26741
2034,7,21.07762,27.35802
2034,8,11.95925,15.67805
2034,9,7.045687,9.450665
2034,10,24.87287,31.98234
2034,11,45.45184,57.22641
2034,12,39.16535,50.41781
2034,13,37.76266,48.30585
2034,14,31.67549,40.48871
2034,15,20.40945,26.79967
2034,16,31.41836,39.92796
2034,17,24.49303,31.32357
2034,18,12.32023,16.37509
2034,19,38.64321,48.77547
2034,20,44.15046,57.47845
2034,21,18.15946,23.86889
2034,22,17.13527,22.4643
2034,23,34.79708,44.57619
2034,24,57.14532,70.76872
2034,25,13.7092,18.22982
2034,26,10.20829,13.50858
2034,27,0,0
2035,1,53.62991,66.67185
2035,2,54.49045,67.50509
2035,3,39.47314,49.51388
2035,4,23.04881,29.6788
2035,5,30.87584,37.76242
2035,6,35.34315,43.93191
2035,7,21.39931,27.76225
2035,8,12.14811,15.91762
2035,9,7.183349,9.630336
2035,10,25.58037,32.87528
2035,11,45.64724,57.43517
2035,12,39.5821,50.93038
2035,13,38.07356,48.68289
2035,14,32.17885,41.11164
2035,15,20.6868,27.1496
2035,16,31.86091,40.46681
2035,17,24.71311,31.59075
2035,18,12.6614,16.81847
2035,19,38.99022,49.18265
2035,20,44.33961,57.6913
2035,21,18.46213,24.25305
2035,22,17.43198,22.84171
2035,23,34.9836,44.7929
2035,24,57.29251,70.89154
2035,25,13.86585,18.4277
2035,26,10.32177,13.65183
2035,27,0,0
2036,1,53.9338,66.98476
2036,2,54.55814,67.522
2036,3,39.74553,49.81863
2036,4,23.37973,30.09141
2036,5,31.24525,38.18462
2036,6,35.87831,44.55956
2036,7,21.68626,28.12097
2036,8,12.33492,16.15422
2036,9,7.334647,9.828096
2036,10,26.25942,33.73056
2036,11,45.85183,57.65436
2036,12,39.96128,51.39391
2036,13,38.37578,49.04824
2036,14,32.66059,41.70604
2036,15,20.90987,27.4279
2036,16,32.21298,40.88971
2036,17,24.90017,31.81528
2036,18,12.998,17.25526
2036,19,39.3077,49.55137
2036,20,44.52562,57.89952
2036,21,18.75636,24.62562
2036,22,17.68501,23.16151
2036,23,35.15872,44.99451
2036,24,57.42394,70.993
2036,25,14.03067,18.63619
2036,26,10.45992,13.82752
2036,27,0,0
2037,1,54.22812,67.28294
2037,2,54.62705,67.53807
2037,3,40.01501,50.11824
2037,4,23.70924,30.50172
2037,5,31.61865,38.61031
2037,6,36.41589,45.18803
2037,7,21.97411,28.48038
2037,8,12.52608,16.39625
2037,9,7.493708,10.03605
2037,10,26.95746,34.60907
2037,11,46.05377,57.86902
2037,12,40.33949,51.85545
2037,13,38.67646,49.41103
2037,14,33.16338,42.32637
2037,15,21.13688,27.71102
2037,16,32.56934,41.31706
2037,17,25.08828,32.04076
2037,18,13.34704,17.70801
2037,19,39.6198,49.91213
2037,20,44.71509,58.11173
2037,21,19.05383,25.00196
2037,22,17.94204,23.48615
2037,23,35.33189,45.19309
2037,24,57.55341,71.09012
2037,25,14.20106,18.85183
2037,26,10.60219,14.00847
2037,27,0,0
2038,1,54.51629,67.57067
2038,2,54.69659,67.55251
2038,3,40.28185,50.41301
2038,4,24.04019,30.91335
2038,5,31.99607,39.03957
2038,6,36.95603,45.81739
2038,7,22.26458,28.84273
2038,8,12.72232,16.64463
2038,9,7.660949,10.25474
2038,10,27.67403,35.51022
2038,11,46.25325,58.07927
2038,12,40.71681,52.31511
2038,13,38.97547,49.77113
2038,14,33.68198,42.96588
2038,15,21.37055,28.00249
2038,16,32.93301,41.75263
2038,17,25.27873,32.26879
2038,18,13.70913,18.17752
2038,19,39.92673,50.26515
2038,20,44.90816,58.32807
2038,21,19.35539,25.38319
2038,22,18.2036,23.81633
2038,23,35.50323,45.3888
2038,24,57.6817,71.18368
2038,25,14.37722,19.07488
2038,26,10.74867,14.19479
2038,27,0,0
2039,1,54.80016,67.84982
2039,2,54.76675,67.56516
2039,3,40.54584,50.70266
2039,4,24.37229,31.32592
2039,5,32.3773,39.47193
2039,6,37.49795,46.44658
2039,7,22.55762,29.20791
2039,8,12.92369,16.89943
2039,9,7.83681,10.48474
2039,10,28.40886,36.43354
2039,11,46.45078,58.28581
2039,12,41.09316,52.77277
2039,13,39.27269,50.1283
2039,14,34.21498,43.62273
2039,15,21.61143,28.30304
2039,16,33.30407,42.19648
2039,17,25.47136,32.4992
2039,18,14.08468,18.66427
2039,19,40.22848,50.61032
2039,20,45.10502,58.54876
2039,21,19.66116,25.76944
2039,22,18.46997,24.15241
2039,23,35.67281,45.58165
2039,24,57.80883,71.2737
2039,25,14.55928,19.30547
2039,26,10.8995,14.38664
2039,27,0,0
2040,1,55.08144,68.12257
2040,2,54.83755,67.57581
2040,3,40.80685,50.98698
2040,4,24.70524,31.73902
2040,5,32.76234,39.90743
2040,6,38.04123,47.07488
2040,7,22.85318,29.57588
2040,8,13.13021,17.16067
2040,9,8.02175,10.72665
2040,10,29.16078,37.37749
2040,11,46.64682,58.48914
2040,12,41.46871,53.22862
2040,13,39.56798,50.48241
2040,14,34.76165,44.29593
2040,15,21.86008,28.61337
2040,16,33.68252,42.64856
2040,17,25.66553,32.7311
2040,18,14.4741,19.16879
2040,19,40.52507,50.94773
2040,20,45.30589,58.77405
2040,21,19.97127,26.16084
2040,22,18.74133,24.4946
2040,23,35.84068,45.7718
2040,24,57.93478,71.36002
2040,25,14.74735,19.54375
2040,26,11.05479,14.58416
2040,27,0,0
2041,1,55.33871,68.37566
2041,2,54.89703,67.58157
2041,3,41.06457,51.2725
2041,4,25.0349,32.15002
2041,5,33.13364,40.33316
2041,6,38.56155,47.68059
2041,7,23.12428,29.91382
2041,8,13.33979,17.42686
2041,9,8.221577,10.9883
2041,10,29.87127,38.27102
2041,11,46.84013,58.69457
2041,12,41.79433,53.62455
2041,13,39.84455,50.8136
2041,14,35.25096,44.89803
2041,15,22.06541,28.86849
2041,16,33.97729,42.998
2041,17,25.83653,32.93565
2041,18,14.84664,19.65085
2041,19,40.79303,51.25508
2041,20,45.4894,58.98354
2041,21,20.27004,26.53855
2041,22,18.98275,24.79926
2041,23,36.01148,45.96781
2041,24,58.05977,71.44926
2041,25,14.9371,19.78478
2041,26,11.23985,14.82139
2041,27,0,0
2042,1,55.60112,68.63247
2042,2,54.95736,67.58614
2042,3,41.31901,51.55259
2042,4,25.36506,32.56124
2042,5,33.5095,40.76333
2042,6,39.0826,48.28516
2042,7,23.39883,30.25582
2042,8,13.55474,17.69978
2042,9,8.432037,11.26389
2042,10,30.59762,39.18384
2042,11,47.03415,58.89981
2042,12,42.12145,54.02185
2042,13,40.1192,51.14179
2042,14,35.75571,45.51885
2042,15,22.27834,29.13325
2042,16,34.27713,43.35302
2042,17,26.00914,33.14189
2042,18,15.2318,20.14902
2042,19,41.05618,51.55549
2042,20,45.67674,59.19759
2042,21,20.57333,26.92171
2042,22,19.2286,25.10938
2042,23,36.18063,46.16121
2042,24,58.18347,71.53487
2042,25,15.13288,20.03353
2042,26,11.4313,15.06682
2042,27,0,0
2043,1,55.86758,68.8916
2043,2,55.0185,67.58932
2043,3,41.57004,51.82705
2043,4,25.69537,32.97216
2043,5,33.88968,41.19765
2043,6,39.60406,48.88811
2043,7,23.67779,30.60312
2043,8,13.77507,17.97944
2043,9,8.653708,11.55417
2043,10,31.33856,40.11429
2043,11,47.22864,59.10449
2043,12,42.44971,54.42002
2043,13,40.39183,51.46685
2043,14,36.27434,46.15643
2043,15,22.49867,29.40737
2043,16,34.5821,43.71362
2043,17,26.18355,33.3501
2043,18,15.6298,20.66356
2043,19,41.31464,51.84897
2043,20,45.86797,59.4162
2043,21,20.88137,27.31062
2043,22,19.48075,25.42742
2043,23,36.34823,46.3521
2043,24,58.3065,71.61752
2043,25,15.33478,20.2901
2043,26,11.62934,15.32069
2043,27,0,0
2044,1,56.1334,69.14706
2044,2,55.08024,67.59082
2044,3,41.81752,52.09566
2044,4,26.02549,33.3824
2044,5,34.27337,41.63508
2044,6,40.12532,49.48866
2044,7,23.96186,30.95659
2044,8,14.00096,18.26606
2044,9,8.887191,11.85992
2044,10,32.09122,41.05862
2044,11,47.42228,59.30695
2044,12,42.77761,54.81713
2044,13,40.66237,51.78861
2044,14,36.80258,46.80522
2044,15,22.72529,29.68938
2044,16,34.89215,44.07971
2044,17,26.36028,33.56088
2044,18,16.0408,21.19467
2044,19,41.56829,52.13539
2044,20,46.06303,59.63933
2044,21,21.19377,27.70476
2044,22,19.73787,25.75157
2044,23,36.51433,46.54055
2044,24,58.42822,71.69628
2044,25,15.54312,20.55489
2044,26,11.83418,15.58325
2044,27,0,0
2045,1,56.39506,69.39437
2045,2,55.14237,67.59017
2045,3,42.06132,52.3582
2045,4,26.35502,33.7914
2045,5,34.65977,42.0746
2045,6,40.64576,50.08588
2045,7,24.25181,31.31721
2045,8,14.23257,18.55985
2045,9,9.133117,12.18196
2045,10,32.853,42.01348
2045,11,47.61401,59.50574
2045,12,43.10385,55.21152
2045,13,40.93071,52.10699
2045,14,37.33703,47.46088
2045,15,22.95724,29.97798
2045,16,35.20708,44.45102
2045,17,26.53947,33.77442
2045,18,16.4649,21.74244
2045,19,41.81715,52.41476
2045,20,46.26194,59.86691
2045,21,21.51032,28.10383
2045,22,20.00039,26.08245
2045,23,36.67903,46.72663
2045,24,58.54871,71.77114
2045,25,15.75809,20.82814
2045,26,12.04602,15.85476
2045,27,0,0
2046,1,56.62429,69.59863
2046,2,55.19563,67.57588
2046,3,42.31078,52.62619
2046,4,26.68225,34.19697
2046,5,35.03366,42.49773
2046,6,41.15444,50.66629
2046,7,24.53126,31.66385
2046,8,14.46918,18.85984
2046,9,9.394938,12.52486
2046,10,33.57466,42.9159
2046,11,47.8021,59.69877
2046,12,43.40486,55.57296
2046,13,41.18526,52.40718
2046,14,37.82669,48.05854
2046,15,23.14931,30.2142
2046,16,35.46611,44.75077
2046,17,26.70679,33.97248
2046,18,16.87631,22.27279
2046,19,42.04644,52.66854
2046,20,46.45256,60.08329
2046,21,21.8196,28.4929
2046,22,20.24236,26.38617
2046,23,36.84367,46.91211
2046,24,58.65921,71.83131
2046,25,15.97644,21.10555
2046,26,12.28678,16.16405
2046,27,0,0
2047,1,56.84829,69.79317
2047,2,55.24906,67.55898
2047,3,42.55601,52.88729
2047,4,27.0086,34.60092
2047,5,35.40944,42.92188
2047,6,41.66248,51.24342
2047,7,24.82021,32.02228
2047,8,14.71169,19.1672
2047,9,9.670806,12.88613
2047,10,34.30159,43.82388
2047,11,47.98779,59.88742
2047,12,43.70367,55.931
2047,13,41.43773,52.70411
2047,14,38.31889,48.65841
2047,15,23.34436,30.454
2047,16,35.72837,45.05364
2047,17,26.87544,34.17182
2047,18,17.29968,22.81827
2047,19,42.27152,52.91594
2047,20,46.64622,60.30311
2047,21,22.13272,28.88649
2047,22,20.49007,26.69702
2047,23,37.0075,47.09592
2047,24,58.76893,71.88789
2047,25,16.20142,21.3914
2047,26,12.53653,16.48484
2047,27,0,0
2048,1,57.06715,69.97803
2048,2,55.30265,67.53915
2048,3,42.79677,53.14115
2048,4,27.33372,35.0028
2048,5,35.78707,43.34703
2048,6,42.16843,51.81541
2048,7,25.12221,32.39707
2048,8,14.96035,19.48224
2048,9,9.961448,13.26671
2048,10,35.03186,44.73496
2048,11,48.17115,60.07174
2048,12,43.99995,56.28517
2048,13,41.68806,52.99765
2048,14,38.81265,49.25917
2048,15,23.54241,30.6974
2048,16,35.99381,45.35949
2048,17,27.04654,34.3739
2048,18,17.73516,23.37903
2048,19,42.49252,53.15714
2048,20,46.84295,60.52631
2048,21,22.44964,29.28454
2048,22,20.744,27.01563
2048,23,37.17019,47.27766
2048,24,58.87796,71.94099
2048,25,16.43311,21.68578
2048,26,12.79558,16.81752
2048,27,0,0
2049,1,57.28075,70.15276
2049,2,55.35638,67.51631
2049,3,43.0327,53.38717
2049,4,27.6573,35.40221
2049,5,36.1664,43.77289
2049,6,42.67159,52.38128
2049,7,25.44266,32.79516
2049,8,15.21563,19.80555
2049,9,10.26761,13.66756
2049,10,35.76232,45.64502
2049,11,48.35226,60.25189
2049,12,44.29329,56.63497
2049,13,41.9362,53.28778
2049,14,39.30633,49.85871
2049,15,23.74377,30.94478
2049,16,36.26334,45.66946
2049,17,27.22269,34.58197
2049,18,18.18283,23.95518
2049,19,42.70965,53.39228
2049,20,47.04225,60.75233
2049,21,22.77061,29.68733
2049,22,21.00629,27.34476
2049,23,37.33181,47.45742
2049,24,58.98706,71.99133
2049,25,16.67156,21.98872
2049,26,13.0642,17.16245
2049,27,0,0
2050,1,57.48811,70.31603
2050,2,55.4101,67.49001
2050,3,43.26395,53.62564
2050,4,27.97886,35.7985
2050,5,36.54687,44.19873
2050,6,43.16943,52.93784
2050,7,25.78809,33.2249
2050,8,15.47738,20.13693
2050,9,10.59006,14.08968
2050,10,36.48695,46.54641
2050,11,48.53112,60.42772
2050,12,44.58318,56.97967
2050,13,42.18208,53.57436
2050,14,39.79665,50.45284
2050,15,23.94757,31.19499
2050,16,36.53565,45.98183
2050,17,27.40099,34.79234
2050,18,18.64259,24.54653
2050,19,42.92171,53.6199
2050,20,47.24451,60.98159
2050,21,23.09619,30.09561
2050,22,21.28611,27.69633
2050,23,37.49218,47.63492
2050,24,59.09942,72.04256
2050,25,16.91668,22.3001
2050,26,13.34271,17.52
2050,27,0,0
